trial_id,label,t_verify_used,V_score,n_matches,sun_shift,blur_sigma,occl_frac,honest_tile,byzantine_tile,inference_ms
0,honest,0.3,1.0,20,15.0,0.0,0.0,tile_47.4010_8.5355_47.4065_8.5410.png,,266.5
1,honest,0.3,1.0,20,-15.0,0.0,0.0,tile_47.3900_8.5630_47.3955_8.5685.png,,7.1
2,honest,0.3,1.0,20,15.0,0.0,0.0,tile_47.3900_8.5410_47.3955_8.5465.png,,7.1
3,honest,0.3,1.0,20,-15.0,0.0,0.0,tile_47.3955_8.5630_47.4010_8.5685.png,,7.1
4,honest,0.3,1.0,20,15.0,0.0,0.0,tile_47.4065_8.5410_47.4100_8.5465.png,,7.0
5,honest,0.3,0.45,9,-15.0,1.0,0.0,tile_47.3900_8.5300_47.3955_8.5355.png,,7.1
6,honest,0.3,0.3,6,-15.0,1.0,0.0,tile_47.4010_8.5355_47.4065_8.5410.png,,7.1
7,honest,0.3,1.0,20,-15.0,0.0,0.0,tile_47.3900_8.5630_47.3955_8.5685.png,,6.9
8,honest,0.3,0.5,10,-15.0,1.0,0.0,tile_47.4010_8.5630_47.4065_8.5685.png,,7.0
9,honest,0.3,0.15,3,0.0,1.0,0.0,tile_47.4065_8.5575_47.4100_8.5630.png,,7.1
10,honest,0.3,1.0,20,15.0,0.0,0.0,tile_47.3900_8.5575_47.3955_8.5630.png,,7.0
11,honest,0.3,0.55,11,15.0,1.0,0.0,tile_47.3955_8.5520_47.4010_8.5575.png,,7.0
12,honest,0.3,1.0,20,15.0,0.0,0.0,tile_47.3955_8.5630_47.4010_8.5685.png,,7.0
13,honest,0.3,1.0,20,0.0,0.0,0.0,tile_47.3900_8.5630_47.3955_8.5685.png,,7.0
14,honest,0.3,0.4,8,0.0,1.0,0.0,tile_47.4010_8.5685_47.4065_8.5700.png,,7.1
15,honest,0.3,0.7,14,-15.0,1.0,0.0,tile_47.3955_8.5575_47.4010_8.5630.png,,7.0
16,honest,0.3,0.45,9,15.0,1.0,0.0,tile_47.3955_8.5410_47.4010_8.5465.png,,7.0
17,honest,0.3,1.0,20,15.0,0.0,0.0,tile_47.4065_8.5575_47.4100_8.5630.png,,7.0
18,honest,0.3,0.25,5,0.0,1.0,0.0,tile_47.4010_8.5520_47.4065_8.5575.png,,7.0
19,honest,0.3,1.0,20,-15.0,0.0,0.0,tile_47.4010_8.5520_47.4065_8.5575.png,,7.0
20,honest,0.3,0.75,15,0.0,1.0,0.0,tile_47.3955_8.5575_47.4010_8.5630.png,,7.0
21,honest,0.3,0.65,13,15.0,1.0,0.0,tile_47.4065_8.5685_47.4100_8.5700.png,,7.0
22,honest,0.3,0.5,10,0.0,1.0,0.0,tile_47.4010_8.5300_47.4065_8.5355.png,,7.0
23,honest,0.3,1.0,20,-15.0,0.0,0.0,tile_47.4065_8.5465_47.4100_8.5520.png,,7.0
24,honest,0.3,0.6,12,15.0,1.0,0.0,tile_47.3955_8.5630_47.4010_8.5685.png,,7.1
25,honest,0.3,0.3,6,-15.0,1.0,0.0,tile_47.3900_8.5465_47.3955_8.5520.png,,7.0
26,honest,0.3,1.0,20,-15.0,0.0,0.0,tile_47.4065_8.5465_47.4100_8.5520.png,,7.0
27,honest,0.3,0.95,19,15.0,0.0,0.0,tile_47.4065_8.5300_47.4100_8.5355.png,,7.0
28,honest,0.3,0.5,10,15.0,1.0,0.0,tile_47.3900_8.5300_47.3955_8.5355.png,,7.1
29,honest,0.3,1.0,20,15.0,0.0,0.0,tile_47.4010_8.5575_47.4065_8.5630.png,,7.0
30,honest,0.3,0.4,8,-15.0,1.0,0.0,tile_47.3955_8.5410_47.4010_8.5465.png,,7.0
31,honest,0.3,1.0,20,0.0,0.0,0.0,tile_47.3955_8.5465_47.4010_8.5520.png,,7.0
32,honest,0.3,1.0,20,15.0,0.0,0.0,tile_47.3955_8.5520_47.4010_8.5575.png,,7.0
33,honest,0.3,0.45,9,-15.0,1.0,0.0,tile_47.3900_8.5300_47.3955_8.5355.png,,7.1
34,honest,0.3,0.3,6,15.0,1.0,0.0,tile_47.3900_8.5355_47.3955_8.5410.png,,7.0
35,honest,0.3,0.6,12,-15.0,1.0,0.0,tile_47.3955_8.5685_47.4010_8.5700.png,,6.9
36,honest,0.3,1.0,20,-15.0,0.0,0.0,tile_47.3900_8.5575_47.3955_8.5630.png,,7.0
37,honest,0.3,0.3,6,15.0,1.0,0.0,tile_47.3955_8.5300_47.4010_8.5355.png,,7.0
38,honest,0.3,0.55,11,-15.0,1.0,0.0,tile_47.4010_8.5300_47.4065_8.5355.png,,7.0
39,honest,0.3,0.55,11,15.0,1.0,0.0,tile_47.3955_8.5520_47.4010_8.5575.png,,7.0
40,honest,0.3,0.4,8,15.0,1.0,0.0,tile_47.4010_8.5685_47.4065_8.5700.png,,6.9
41,honest,0.3,0.6,12,0.0,1.0,0.0,tile_47.3955_8.5685_47.4010_8.5700.png,,6.9
42,honest,0.3,1.0,20,-15.0,0.0,0.0,tile_47.3900_8.5355_47.3955_8.5410.png,,6.9
43,honest,0.3,1.0,20,15.0,0.0,0.0,tile_47.3900_8.5300_47.3955_8.5355.png,,6.8
44,honest,0.3,1.0,20,-15.0,0.0,0.0,tile_47.3900_8.5520_47.3955_8.5575.png,,7.0
45,honest,0.3,0.6,12,-15.0,1.0,0.0,tile_47.3955_8.5685_47.4010_8.5700.png,,6.9
46,honest,0.3,0.3,6,0.0,1.0,0.0,tile_47.3955_8.5300_47.4010_8.5355.png,,6.9
47,honest,0.3,0.3,6,15.0,1.0,0.0,tile_47.4065_8.5630_47.4100_8.5685.png,,6.9
48,honest,0.3,1.0,20,0.0,0.0,0.0,tile_47.3900_8.5630_47.3955_8.5685.png,,6.9
49,honest,0.3,0.5,10,15.0,1.0,0.0,tile_47.4065_8.5465_47.4100_8.5520.png,,6.9
50,honest,0.3,0.45,9,0.0,1.0,0.0,tile_47.3900_8.5630_47.3955_8.5685.png,,6.9
51,honest,0.3,0.45,9,-15.0,1.0,0.0,tile_47.3900_8.5630_47.3955_8.5685.png,,6.9
52,honest,0.3,0.95,19,-15.0,0.0,0.0,tile_47.4065_8.5520_47.4100_8.5575.png,,6.9
53,honest,0.3,0.3,6,-15.0,1.0,0.0,tile_47.4010_8.5355_47.4065_8.5410.png,,6.9
54,honest,0.3,1.0,20,0.0,0.0,0.0,tile_47.4065_8.5520_47.4100_8.5575.png,,6.9
55,honest,0.3,1.0,20,15.0,0.0,0.0,tile_47.3900_8.5300_47.3955_8.5355.png,,7.0
56,honest,0.3,0.95,19,-15.0,0.0,0.0,tile_47.4065_8.5410_47.4100_8.5465.png,,6.9
57,honest,0.3,0.5,10,0.0,1.0,0.0,tile_47.4065_8.5355_47.4100_8.5410.png,,6.9
58,honest,0.3,0.95,19,-15.0,0.0,0.0,tile_47.3900_8.5300_47.3955_8.5355.png,,7.5
59,honest,0.3,0.5,10,0.0,1.0,0.0,tile_47.4010_8.5410_47.4065_8.5465.png,,7.3
60,honest,0.3,0.55,11,0.0,1.0,0.0,tile_47.3955_8.5520_47.4010_8.5575.png,,6.8
61,honest,0.3,1.0,20,0.0,0.0,0.0,tile_47.3900_8.5465_47.3955_8.5520.png,,6.9
62,honest,0.3,0.3,6,15.0,1.0,0.0,tile_47.3900_8.5465_47.3955_8.5520.png,,6.9
63,honest,0.3,0.3,6,15.0,1.0,0.0,tile_47.3900_8.5465_47.3955_8.5520.png,,6.9
64,honest,0.3,1.0,20,15.0,0.0,0.0,tile_47.3900_8.5520_47.3955_8.5575.png,,6.9
65,honest,0.3,1.0,20,15.0,0.0,0.0,tile_47.4065_8.5355_47.4100_8.5410.png,,6.9
66,honest,0.3,1.0,20,-15.0,0.0,0.0,tile_47.3900_8.5575_47.3955_8.5630.png,,6.8
67,honest,0.3,0.75,15,0.0,1.0,0.0,tile_47.3955_8.5575_47.4010_8.5630.png,,6.8
68,honest,0.3,0.5,10,15.0,1.0,0.0,tile_47.4010_8.5300_47.4065_8.5355.png,,6.8
69,honest,0.3,1.0,20,0.0,0.0,0.0,tile_47.4065_8.5575_47.4100_8.5630.png,,6.9
70,honest,0.3,1.0,20,0.0,0.0,0.0,tile_47.4065_8.5575_47.4100_8.5630.png,,6.8
71,honest,0.3,1.0,20,15.0,0.0,0.0,tile_47.3955_8.5575_47.4010_8.5630.png,,6.9
72,honest,0.3,0.45,9,15.0,1.0,0.0,tile_47.4010_8.5630_47.4065_8.5685.png,,7.0
73,honest,0.3,1.0,20,-15.0,0.0,0.0,tile_47.4010_8.5410_47.4065_8.5465.png,,7.1
74,honest,0.3,0.45,9,-15.0,1.0,0.0,tile_47.3900_8.5300_47.3955_8.5355.png,,7.2
75,honest,0.3,0.3,6,15.0,1.0,0.0,tile_47.3955_8.5300_47.4010_8.5355.png,,7.3
76,honest,0.3,1.0,20,0.0,0.0,0.0,tile_47.3955_8.5355_47.4010_8.5410.png,,7.1
77,honest,0.3,0.45,9,0.0,1.0,0.0,tile_47.4010_8.5575_47.4065_8.5630.png,,7.2
78,honest,0.3,0.55,11,-15.0,1.0,0.0,tile_47.4010_8.5300_47.4065_8.5355.png,,7.3
79,honest,0.3,0.95,19,-15.0,0.0,0.0,tile_47.4010_8.5355_47.4065_8.5410.png,,7.2
80,honest,0.3,0.9,18,-15.0,0.0,0.0,tile_47.3955_8.5300_47.4010_8.5355.png,,6.9
81,honest,0.3,0.45,9,15.0,1.0,0.0,tile_47.4065_8.5520_47.4100_8.5575.png,,7.0
82,honest,0.3,0.45,9,15.0,1.0,0.0,tile_47.3900_8.5685_47.3955_8.5700.png,,7.1
83,honest,0.3,1.0,20,-15.0,0.0,0.0,tile_47.4010_8.5685_47.4065_8.5700.png,,7.0
84,honest,0.3,1.0,20,15.0,0.0,0.0,tile_47.3955_8.5300_47.4010_8.5355.png,,6.9
85,honest,0.3,0.2,4,-15.0,1.0,0.0,tile_47.3900_8.5410_47.3955_8.5465.png,,6.9
86,honest,0.3,1.0,20,0.0,0.0,0.0,tile_47.3900_8.5630_47.3955_8.5685.png,,6.9
87,honest,0.3,0.6,12,0.0,1.0,0.0,tile_47.3955_8.5685_47.4010_8.5700.png,,6.9
88,honest,0.3,1.0,20,-15.0,0.0,0.0,tile_47.3900_8.5355_47.3955_8.5410.png,,6.9
89,honest,0.3,0.6,12,-15.0,1.0,0.0,tile_47.3955_8.5685_47.4010_8.5700.png,,6.9
90,honest,0.3,1.0,20,0.0,0.0,0.0,tile_47.4065_8.5300_47.4100_8.5355.png,,6.9
91,honest,0.3,0.5,10,-15.0,1.0,0.0,tile_47.3955_8.5520_47.4010_8.5575.png,,6.9
92,honest,0.3,0.6,12,0.0,1.0,0.0,tile_47.3955_8.5630_47.4010_8.5685.png,,6.8
93,honest,0.3,1.0,20,-15.0,0.0,0.0,tile_47.4065_8.5355_47.4100_8.5410.png,,6.8
94,honest,0.3,0.35,7,0.0,1.0,0.0,tile_47.4010_8.5355_47.4065_8.5410.png,,6.9
95,honest,0.3,0.3,6,0.0,1.0,0.0,tile_47.3900_8.5355_47.3955_8.5410.png,,6.8
96,honest,0.3,0.55,11,-15.0,1.0,0.0,tile_47.4010_8.5300_47.4065_8.5355.png,,6.8
97,honest,0.3,0.95,19,-15.0,0.0,0.0,tile_47.4010_8.5630_47.4065_8.5685.png,,6.9
98,honest,0.3,0.45,9,15.0,1.0,0.0,tile_47.3900_8.5685_47.3955_8.5700.png,,6.9
99,honest,0.3,1.0,20,0.0,0.0,0.0,tile_47.3900_8.5410_47.3955_8.5465.png,,7.1
100,honest,0.3,0.55,11,15.0,1.0,0.0,tile_47.3955_8.5520_47.4010_8.5575.png,,6.9
101,honest,0.3,0.45,9,0.0,1.0,0.0,tile_47.4010_8.5575_47.4065_8.5630.png,,6.9
102,honest,0.3,0.4,8,15.0,1.0,0.0,tile_47.4010_8.5465_47.4065_8.5520.png,,6.9
103,honest,0.3,0.25,5,15.0,1.0,0.0,tile_47.4010_8.5520_47.4065_8.5575.png,,6.9
104,honest,0.3,0.55,11,0.0,1.0,0.0,tile_47.3955_8.5520_47.4010_8.5575.png,,6.9
105,honest,0.3,0.35,7,0.0,1.0,0.0,tile_47.4010_8.5465_47.4065_8.5520.png,,6.8
106,honest,0.3,1.0,20,0.0,0.0,0.0,tile_47.4010_8.5410_47.4065_8.5465.png,,6.9
107,honest,0.3,0.15,3,-15.0,1.0,0.0,tile_47.4065_8.5575_47.4100_8.5630.png,,6.9
108,honest,0.3,0.35,7,0.0,1.0,0.0,tile_47.4065_8.5630_47.4100_8.5685.png,,6.8
109,honest,0.3,1.0,20,15.0,0.0,0.0,tile_47.4010_8.5410_47.4065_8.5465.png,,6.8
110,honest,0.3,0.6,12,15.0,1.0,0.0,tile_47.3955_8.5685_47.4010_8.5700.png,,6.8
111,honest,0.3,0.55,11,15.0,1.0,0.0,tile_47.3955_8.5520_47.4010_8.5575.png,,6.9
112,honest,0.3,1.0,20,-15.0,0.0,0.0,tile_47.3955_8.5685_47.4010_8.5700.png,,6.8
113,honest,0.3,1.0,20,0.0,0.0,0.0,tile_47.4065_8.5410_47.4100_8.5465.png,,6.9
114,honest,0.3,1.0,20,15.0,0.0,0.0,tile_47.4065_8.5685_47.4100_8.5700.png,,6.9
115,honest,0.3,1.0,20,0.0,0.0,0.0,tile_47.3900_8.5300_47.3955_8.5355.png,,6.8
116,honest,0.3,0.3,6,-15.0,1.0,0.0,tile_47.3955_8.5465_47.4010_8.5520.png,,6.8
117,honest,0.3,0.6,12,15.0,1.0,0.0,tile_47.3955_8.5685_47.4010_8.5700.png,,6.8
118,honest,0.3,0.15,3,-15.0,1.0,0.0,tile_47.4065_8.5575_47.4100_8.5630.png,,6.8
119,honest,0.3,0.5,10,15.0,1.0,0.0,tile_47.4065_8.5465_47.4100_8.5520.png,,6.8
120,honest,0.3,0.3,6,15.0,1.0,0.0,tile_47.4065_8.5630_47.4100_8.5685.png,,6.8
121,honest,0.3,0.35,7,0.0,1.0,0.0,tile_47.4010_8.5355_47.4065_8.5410.png,,6.8
122,honest,0.3,0.3,6,15.0,1.0,0.0,tile_47.4010_8.5355_47.4065_8.5410.png,,6.8
123,honest,0.3,1.0,20,0.0,0.0,0.0,tile_47.3955_8.5685_47.4010_8.5700.png,,6.8
124,honest,0.3,0.3,6,0.0,1.0,0.0,tile_47.3900_8.5575_47.3955_8.5630.png,,6.9
125,honest,0.3,0.95,19,-15.0,0.0,0.0,tile_47.4065_8.5300_47.4100_8.5355.png,,6.8
126,honest,0.3,1.0,20,15.0,0.0,0.0,tile_47.3900_8.5520_47.3955_8.5575.png,,6.9
127,honest,0.3,0.15,3,0.0,1.0,0.0,tile_47.4065_8.5575_47.4100_8.5630.png,,6.8
128,honest,0.3,1.0,20,0.0,0.0,0.0,tile_47.4065_8.5410_47.4100_8.5465.png,,6.8
129,honest,0.3,1.0,20,0.0,0.0,0.0,tile_47.4065_8.5630_47.4100_8.5685.png,,6.9
130,honest,0.3,0.3,6,-15.0,1.0,0.0,tile_47.4065_8.5300_47.4100_8.5355.png,,6.9
131,honest,0.3,1.0,20,0.0,0.0,0.0,tile_47.3955_8.5630_47.4010_8.5685.png,,6.8
132,honest,0.3,0.3,6,0.0,1.0,0.0,tile_47.3900_8.5355_47.3955_8.5410.png,,6.8
133,honest,0.3,0.4,8,0.0,1.0,0.0,tile_47.3955_8.5410_47.4010_8.5465.png,,6.8
134,honest,0.3,1.0,20,0.0,0.0,0.0,tile_47.4065_8.5355_47.4100_8.5410.png,,6.8
135,honest,0.3,1.0,20,15.0,0.0,0.0,tile_47.4065_8.5465_47.4100_8.5520.png,,6.8
136,honest,0.3,0.3,6,-15.0,1.0,0.0,tile_47.3900_8.5465_47.3955_8.5520.png,,6.8
137,honest,0.3,0.75,15,0.0,1.0,0.0,tile_47.3955_8.5575_47.4010_8.5630.png,,6.7
138,honest,0.3,0.3,6,0.0,1.0,0.0,tile_47.4065_8.5300_47.4100_8.5355.png,,6.8
139,honest,0.3,0.3,6,0.0,1.0,0.0,tile_47.3900_8.5575_47.3955_8.5630.png,,6.7
140,honest,0.3,1.0,20,0.0,0.0,0.0,tile_47.4010_8.5630_47.4065_8.5685.png,,6.8
141,honest,0.3,1.0,20,-15.0,0.0,0.0,tile_47.3900_8.5355_47.3955_8.5410.png,,6.8
142,honest,0.3,0.95,19,-15.0,0.0,0.0,tile_47.3955_8.5355_47.4010_8.5410.png,,6.8
143,honest,0.3,1.0,20,-15.0,0.0,0.0,tile_47.3900_8.5685_47.3955_8.5700.png,,6.7
144,honest,0.3,1.0,20,15.0,0.0,0.0,tile_47.4010_8.5300_47.4065_8.5355.png,,6.8
145,honest,0.3,1.0,20,0.0,0.0,0.0,tile_47.3955_8.5410_47.4010_8.5465.png,,6.7
146,honest,0.3,1.0,20,0.0,0.0,0.0,tile_47.4010_8.5465_47.4065_8.5520.png,,6.7
147,honest,0.3,0.55,11,15.0,1.0,0.0,tile_47.3955_8.5520_47.4010_8.5575.png,,6.8
148,honest,0.3,1.0,20,-15.0,0.0,0.0,tile_47.4010_8.5465_47.4065_8.5520.png,,6.7
149,honest,0.3,1.0,20,15.0,0.0,0.0,tile_47.4010_8.5630_47.4065_8.5685.png,,6.7
150,honest,0.3,0.6,12,15.0,1.0,0.0,tile_47.3900_8.5520_47.3955_8.5575.png,,6.7
151,honest,0.3,0.4,8,15.0,1.0,0.0,tile_47.4065_8.5410_47.4100_8.5465.png,,6.7
152,honest,0.3,1.0,20,0.0,0.0,0.0,tile_47.4010_8.5685_47.4065_8.5700.png,,6.7
153,honest,0.3,0.5,10,15.0,1.0,0.0,tile_47.4065_8.5465_47.4100_8.5520.png,,6.8
154,honest,0.3,0.15,3,-15.0,1.0,0.0,tile_47.4065_8.5575_47.4100_8.5630.png,,6.7
155,honest,0.3,0.6,12,0.0,1.0,0.0,tile_47.3955_8.5685_47.4010_8.5700.png,,6.7
156,honest,0.3,0.6,12,-15.0,1.0,0.0,tile_47.3955_8.5685_47.4010_8.5700.png,,6.7
157,honest,0.3,0.3,6,0.0,1.0,0.0,tile_47.3900_8.5355_47.3955_8.5410.png,,6.7
158,honest,0.3,0.6,12,0.0,1.0,0.0,tile_47.4065_8.5685_47.4100_8.5700.png,,6.7
159,honest,0.3,0.45,9,-15.0,1.0,0.0,tile_47.4010_8.5575_47.4065_8.5630.png,,6.7
160,honest,0.3,0.55,11,0.0,1.0,0.0,tile_47.3955_8.5520_47.4010_8.5575.png,,6.7
161,honest,0.3,0.95,19,-15.0,0.0,0.0,tile_47.4065_8.5685_47.4100_8.5700.png,,6.7
162,honest,0.3,1.0,20,15.0,0.0,0.0,tile_47.4065_8.5685_47.4100_8.5700.png,,6.7
163,honest,0.3,1.0,20,0.0,0.0,0.0,tile_47.4010_8.5410_47.4065_8.5465.png,,6.7
164,honest,0.3,0.4,8,-15.0,1.0,0.0,tile_47.4010_8.5465_47.4065_8.5520.png,,6.7
165,honest,0.3,0.45,9,15.0,1.0,0.0,tile_47.4010_8.5630_47.4065_8.5685.png,,6.8
166,honest,0.3,0.15,3,0.0,1.0,0.0,tile_47.4065_8.5575_47.4100_8.5630.png,,6.8
167,honest,0.3,0.6,12,0.0,1.0,0.0,tile_47.3955_8.5630_47.4010_8.5685.png,,6.7
168,honest,0.3,1.0,20,-15.0,0.0,0.0,tile_47.3900_8.5685_47.3955_8.5700.png,,6.7
169,honest,0.3,1.0,20,15.0,0.0,0.0,tile_47.3955_8.5575_47.4010_8.5630.png,,6.7
170,honest,0.3,0.55,11,15.0,1.0,0.0,tile_47.4010_8.5410_47.4065_8.5465.png,,6.8
171,honest,0.3,1.0,20,-15.0,0.0,0.0,tile_47.3955_8.5630_47.4010_8.5685.png,,6.7
172,honest,0.3,1.0,20,0.0,0.0,0.0,tile_47.3900_8.5300_47.3955_8.5355.png,,6.7
173,honest,0.3,1.0,20,15.0,0.0,0.0,tile_47.3900_8.5410_47.3955_8.5465.png,,6.7
174,honest,0.3,0.6,12,-15.0,1.0,0.0,tile_47.4065_8.5685_47.4100_8.5700.png,,6.8
175,honest,0.3,1.0,20,-15.0,0.0,0.0,tile_47.4065_8.5630_47.4100_8.5685.png,,6.8
176,honest,0.3,0.25,5,0.0,1.0,0.0,tile_47.3955_8.5465_47.4010_8.5520.png,,6.7
177,honest,0.3,0.45,9,-15.0,1.0,0.0,tile_47.3900_8.5685_47.3955_8.5700.png,,6.7
178,honest,0.3,0.55,11,-15.0,1.0,0.0,tile_47.3900_8.5520_47.3955_8.5575.png,,6.7
179,honest,0.3,1.0,20,15.0,0.0,0.0,tile_47.3955_8.5355_47.4010_8.5410.png,,6.7
180,honest,0.3,0.6,12,15.0,1.0,0.0,tile_47.3955_8.5685_47.4010_8.5700.png,,6.7
181,honest,0.3,0.3,6,-15.0,1.0,0.0,tile_47.4065_8.5300_47.4100_8.5355.png,,6.7
182,honest,0.3,0.4,8,0.0,1.0,0.0,tile_47.4065_8.5465_47.4100_8.5520.png,,6.8
183,honest,0.3,1.0,20,0.0,0.0,0.0,tile_47.3955_8.5575_47.4010_8.5630.png,,6.7
184,honest,0.3,1.0,20,15.0,0.0,0.0,tile_47.3900_8.5575_47.3955_8.5630.png,,6.7
185,honest,0.3,1.0,20,-15.0,0.0,0.0,tile_47.3900_8.5520_47.3955_8.5575.png,,6.7
186,honest,0.3,0.95,19,-15.0,0.0,0.0,tile_47.4065_8.5520_47.4100_8.5575.png,,6.8
187,honest,0.3,0.3,6,15.0,1.0,0.0,tile_47.3900_8.5410_47.3955_8.5465.png,,6.8
188,honest,0.3,0.15,3,-15.0,1.0,0.0,tile_47.4065_8.5575_47.4100_8.5630.png,,6.8
189,honest,0.3,1.0,20,-15.0,0.0,0.0,tile_47.3955_8.5520_47.4010_8.5575.png,,6.7
190,honest,0.3,1.0,20,0.0,0.0,0.0,tile_47.3955_8.5355_47.4010_8.5410.png,,6.7
191,honest,0.3,1.0,20,0.0,0.0,0.0,tile_47.3900_8.5465_47.3955_8.5520.png,,6.7
192,honest,0.3,0.45,9,-15.0,1.0,0.0,tile_47.4065_8.5520_47.4100_8.5575.png,,6.8
193,honest,0.3,0.5,10,-15.0,1.0,0.0,tile_47.4065_8.5355_47.4100_8.5410.png,,6.8
194,honest,0.3,0.3,6,0.0,1.0,0.0,tile_47.3900_8.5575_47.3955_8.5630.png,,6.7
195,honest,0.3,1.0,20,15.0,0.0,0.0,tile_47.4010_8.5520_47.4065_8.5575.png,,6.7
196,honest,0.3,0.35,7,15.0,1.0,0.0,tile_47.3900_8.5575_47.3955_8.5630.png,,6.7
197,honest,0.3,1.0,20,-15.0,0.0,0.0,tile_47.3900_8.5410_47.3955_8.5465.png,,6.7
198,honest,0.3,0.3,6,-15.0,1.0,0.0,tile_47.4010_8.5355_47.4065_8.5410.png,,6.8
199,honest,0.3,0.4,8,-15.0,1.0,0.0,tile_47.3900_8.5575_47.3955_8.5630.png,,6.7
200,honest,0.3,0.45,9,0.0,1.0,0.0,tile_47.4010_8.5575_47.4065_8.5630.png,,6.7
201,honest,0.3,1.0,20,0.0,0.0,0.0,tile_47.4010_8.5575_47.4065_8.5630.png,,6.7
202,honest,0.3,0.5,10,0.0,1.0,0.0,tile_47.4065_8.5355_47.4100_8.5410.png,,6.7
203,honest,0.3,1.0,20,15.0,0.0,0.0,tile_47.3900_8.5575_47.3955_8.5630.png,,6.7
204,honest,0.3,0.45,9,0.0,1.0,0.0,tile_47.3900_8.5685_47.3955_8.5700.png,,6.7
205,honest,0.3,1.0,20,0.0,0.0,0.0,tile_47.4065_8.5410_47.4100_8.5465.png,,6.7
206,honest,0.3,0.95,19,-15.0,0.0,0.0,tile_47.4065_8.5685_47.4100_8.5700.png,,6.7
207,honest,0.3,0.75,15,15.0,1.0,0.0,tile_47.3955_8.5575_47.4010_8.5630.png,,6.7
208,honest,0.3,1.0,20,0.0,0.0,0.0,tile_47.4065_8.5520_47.4100_8.5575.png,,6.7
209,honest,0.3,0.3,6,15.0,1.0,0.0,tile_47.3900_8.5355_47.3955_8.5410.png,,6.7
210,honest,0.3,1.0,20,15.0,0.0,0.0,tile_47.4010_8.5465_47.4065_8.5520.png,,6.7
211,honest,0.3,1.0,20,15.0,0.0,0.0,tile_47.3900_8.5575_47.3955_8.5630.png,,6.8
212,honest,0.3,1.0,20,-15.0,0.0,0.0,tile_47.3900_8.5685_47.3955_8.5700.png,,6.7
213,honest,0.3,1.0,20,15.0,0.0,0.0,tile_47.4010_8.5410_47.4065_8.5465.png,,6.7
214,honest,0.3,0.3,6,15.0,1.0,0.0,tile_47.4065_8.5630_47.4100_8.5685.png,,6.8
215,honest,0.3,1.0,20,0.0,0.0,0.0,tile_47.3955_8.5355_47.4010_8.5410.png,,6.7
216,honest,0.3,1.0,20,0.0,0.0,0.0,tile_47.3900_8.5520_47.3955_8.5575.png,,6.7
217,honest,0.3,0.35,7,0.0,1.0,0.0,tile_47.4010_8.5355_47.4065_8.5410.png,,6.8
218,honest,0.3,0.6,12,-15.0,1.0,0.0,tile_47.4065_8.5685_47.4100_8.5700.png,,6.8
219,honest,0.3,0.5,10,-15.0,1.0,0.0,tile_47.4010_8.5630_47.4065_8.5685.png,,6.8
220,honest,0.3,0.25,5,0.0,1.0,0.0,tile_47.4010_8.5520_47.4065_8.5575.png,,6.7
221,honest,0.3,1.0,20,-15.0,0.0,0.0,tile_47.3955_8.5630_47.4010_8.5685.png,,6.7
222,honest,0.3,1.0,20,0.0,0.0,0.0,tile_47.4065_8.5630_47.4100_8.5685.png,,6.8
223,honest,0.3,0.3,6,15.0,1.0,0.0,tile_47.3955_8.5355_47.4010_8.5410.png,,6.8
224,honest,0.3,1.0,20,0.0,0.0,0.0,tile_47.4010_8.5575_47.4065_8.5630.png,,6.8
225,honest,0.3,0.15,3,-15.0,1.0,0.0,tile_47.4065_8.5575_47.4100_8.5630.png,,6.8
226,honest,0.3,0.95,19,-15.0,0.0,0.0,tile_47.3955_8.5355_47.4010_8.5410.png,,6.7
227,honest,0.3,0.45,9,-15.0,1.0,0.0,tile_47.4010_8.5575_47.4065_8.5630.png,,6.7
228,honest,0.3,0.5,10,15.0,1.0,0.0,tile_47.4010_8.5575_47.4065_8.5630.png,,6.7
229,honest,0.3,0.65,13,15.0,1.0,0.0,tile_47.4065_8.5685_47.4100_8.5700.png,,6.8
230,honest,0.3,1.0,20,15.0,0.0,0.0,tile_47.3955_8.5685_47.4010_8.5700.png,,6.7
231,honest,0.3,0.35,7,15.0,1.0,0.0,tile_47.3900_8.5575_47.3955_8.5630.png,,6.7
232,honest,0.3,1.0,20,0.0,0.0,0.0,tile_47.4065_8.5520_47.4100_8.5575.png,,6.7
233,honest,0.3,0.2,4,-15.0,1.0,0.0,tile_47.3900_8.5410_47.3955_8.5465.png,,6.8
234,honest,0.3,1.0,20,0.0,0.0,0.0,tile_47.4010_8.5630_47.4065_8.5685.png,,7.1
235,honest,0.3,0.6,12,0.0,1.0,0.0,tile_47.3955_8.5685_47.4010_8.5700.png,,6.9
236,honest,0.3,0.45,9,15.0,1.0,0.0,tile_47.3955_8.5410_47.4010_8.5465.png,,7.2
237,honest,0.3,1.0,20,-15.0,0.0,0.0,tile_47.3955_8.5685_47.4010_8.5700.png,,7.1
238,honest,0.3,1.0,20,0.0,0.0,0.0,tile_47.4065_8.5575_47.4100_8.5630.png,,6.8
239,honest,0.3,0.5,10,15.0,1.0,0.0,tile_47.4010_8.5300_47.4065_8.5355.png,,7.2
240,honest,0.3,1.0,20,15.0,0.0,0.0,tile_47.4010_8.5410_47.4065_8.5465.png,,7.1
241,honest,0.3,1.0,20,15.0,0.0,0.0,tile_47.4065_8.5520_47.4100_8.5575.png,,6.9
242,honest,0.3,0.5,10,0.0,1.0,0.0,tile_47.4010_8.5300_47.4065_8.5355.png,,6.9
243,honest,0.3,0.3,6,0.0,1.0,0.0,tile_47.4065_8.5300_47.4100_8.5355.png,,6.8
244,honest,0.3,1.0,20,0.0,0.0,0.0,tile_47.4065_8.5300_47.4100_8.5355.png,,6.7
245,honest,0.3,0.55,11,15.0,1.0,0.0,tile_47.4010_8.5410_47.4065_8.5465.png,,6.8
246,honest,0.3,0.45,9,-15.0,1.0,0.0,tile_47.3900_8.5300_47.3955_8.5355.png,,6.7
247,honest,0.3,1.0,20,15.0,0.0,0.0,tile_47.4010_8.5410_47.4065_8.5465.png,,6.7
248,honest,0.3,0.5,10,-15.0,1.0,0.0,tile_47.3955_8.5520_47.4010_8.5575.png,,6.8
249,honest,0.3,0.45,9,15.0,1.0,0.0,tile_47.3900_8.5630_47.3955_8.5685.png,,6.8
250,honest,0.3,1.0,20,15.0,0.0,0.0,tile_47.4065_8.5520_47.4100_8.5575.png,,6.7
251,honest,0.3,0.4,8,-15.0,1.0,0.0,tile_47.3900_8.5575_47.3955_8.5630.png,,6.8
252,honest,0.3,0.25,5,0.0,1.0,0.0,tile_47.3955_8.5465_47.4010_8.5520.png,,6.7
253,honest,0.3,0.95,19,-15.0,0.0,0.0,tile_47.4010_8.5355_47.4065_8.5410.png,,6.7
254,honest,0.3,0.45,9,-15.0,1.0,0.0,tile_47.4010_8.5410_47.4065_8.5465.png,,6.8
255,honest,0.3,0.15,3,15.0,1.0,0.0,tile_47.4065_8.5575_47.4100_8.5630.png,,6.8
256,honest,0.3,1.0,20,-15.0,0.0,0.0,tile_47.4065_8.5355_47.4100_8.5410.png,,6.7
257,honest,0.3,0.5,10,15.0,1.0,0.0,tile_47.4065_8.5355_47.4100_8.5410.png,,6.7
258,honest,0.3,0.15,3,-15.0,1.0,0.0,tile_47.4065_8.5575_47.4100_8.5630.png,,6.7
259,honest,0.3,0.4,8,0.0,1.0,0.0,tile_47.4010_8.5685_47.4065_8.5700.png,,6.7
260,honest,0.3,1.0,20,-15.0,0.0,0.0,tile_47.3900_8.5355_47.3955_8.5410.png,,6.7
261,honest,0.3,0.6,12,15.0,1.0,0.0,tile_47.3900_8.5520_47.3955_8.5575.png,,6.7
262,honest,0.3,0.4,8,15.0,1.0,0.0,tile_47.4065_8.5410_47.4100_8.5465.png,,6.7
263,honest,0.3,1.0,20,-15.0,0.0,0.0,tile_47.3900_8.5410_47.3955_8.5465.png,,6.7
264,honest,0.3,0.45,9,0.0,1.0,0.0,tile_47.3900_8.5630_47.3955_8.5685.png,,6.8
265,honest,0.3,0.9,18,-15.0,0.0,0.0,tile_47.4065_8.5575_47.4100_8.5630.png,,6.8
266,honest,0.3,0.4,8,0.0,1.0,0.0,tile_47.4065_8.5410_47.4100_8.5465.png,,6.7
267,honest,0.3,1.0,20,15.0,0.0,0.0,tile_47.4065_8.5410_47.4100_8.5465.png,,6.7
268,honest,0.3,1.0,20,0.0,0.0,0.0,tile_47.3955_8.5575_47.4010_8.5630.png,,6.7
269,honest,0.3,0.4,8,0.0,1.0,0.0,tile_47.4010_8.5685_47.4065_8.5700.png,,6.8
270,honest,0.3,0.3,6,-15.0,1.0,0.0,tile_47.3900_8.5465_47.3955_8.5520.png,,6.7
271,honest,0.3,0.45,9,0.0,1.0,0.0,tile_47.3900_8.5685_47.3955_8.5700.png,,6.7
272,honest,0.3,1.0,20,0.0,0.0,0.0,tile_47.3900_8.5355_47.3955_8.5410.png,,6.7
273,honest,0.3,0.3,6,-15.0,1.0,0.0,tile_47.3955_8.5300_47.4010_8.5355.png,,6.7
274,honest,0.3,1.0,20,15.0,0.0,0.0,tile_47.3955_8.5575_47.4010_8.5630.png,,6.7
275,honest,0.3,1.0,20,15.0,0.0,0.0,tile_47.4010_8.5575_47.4065_8.5630.png,,6.8
276,honest,0.3,0.95,19,-15.0,0.0,0.0,tile_47.3955_8.5355_47.4010_8.5410.png,,6.8
277,honest,0.3,0.45,9,-15.0,1.0,0.0,tile_47.3900_8.5685_47.3955_8.5700.png,,6.8
278,honest,0.3,1.0,20,15.0,0.0,0.0,tile_47.3900_8.5300_47.3955_8.5355.png,,6.8
279,honest,0.3,1.0,20,0.0,0.0,0.0,tile_47.3900_8.5355_47.3955_8.5410.png,,6.8
280,honest,0.3,0.3,6,-15.0,1.0,0.0,tile_47.3955_8.5300_47.4010_8.5355.png,,6.7
281,honest,0.3,0.6,12,15.0,1.0,0.0,tile_47.3900_8.5520_47.3955_8.5575.png,,6.7
282,honest,0.3,0.45,9,0.0,1.0,0.0,tile_47.3900_8.5630_47.3955_8.5685.png,,6.9
283,honest,0.3,1.0,20,0.0,0.0,0.0,tile_47.4010_8.5465_47.4065_8.5520.png,,6.7
284,honest,0.3,1.0,20,0.0,0.0,0.0,tile_47.4065_8.5630_47.4100_8.5685.png,,6.6
285,honest,0.3,0.6,12,0.0,1.0,0.0,tile_47.4065_8.5685_47.4100_8.5700.png,,6.7
286,honest,0.3,0.35,7,15.0,1.0,0.0,tile_47.3900_8.5575_47.3955_8.5630.png,,6.8
287,honest,0.3,1.0,20,0.0,0.0,0.0,tile_47.3955_8.5300_47.4010_8.5355.png,,6.9
288,honest,0.3,0.5,10,0.0,1.0,0.0,tile_47.4010_8.5410_47.4065_8.5465.png,,6.8
289,honest,0.3,0.45,9,0.0,1.0,0.0,tile_47.3900_8.5685_47.3955_8.5700.png,,6.8
290,honest,0.3,1.0,20,15.0,0.0,0.0,tile_47.4065_8.5520_47.4100_8.5575.png,,6.8
291,honest,0.3,0.15,3,-15.0,1.0,0.0,tile_47.4065_8.5575_47.4100_8.5630.png,,6.8
292,honest,0.3,0.25,5,0.0,1.0,0.0,tile_47.4010_8.5520_47.4065_8.5575.png,,6.8
293,honest,0.3,0.4,8,0.0,1.0,0.0,tile_47.4010_8.5685_47.4065_8.5700.png,,7.0
294,honest,0.3,0.4,8,-15.0,1.0,0.0,tile_47.3900_8.5575_47.3955_8.5630.png,,6.8
295,honest,0.3,1.0,20,-15.0,0.0,0.0,tile_47.3900_8.5630_47.3955_8.5685.png,,6.8
296,honest,0.3,0.3,6,15.0,1.0,0.0,tile_47.3900_8.5465_47.3955_8.5520.png,,6.8
297,honest,0.3,0.4,8,15.0,1.0,0.0,tile_47.4065_8.5410_47.4100_8.5465.png,,6.8
298,honest,0.3,0.5,10,0.0,1.0,0.0,tile_47.4010_8.5410_47.4065_8.5465.png,,7.0
299,honest,0.3,0.45,9,15.0,1.0,0.0,tile_47.3900_8.5630_47.3955_8.5685.png,,7.1
300,honest,0.3,1.0,20,15.0,0.0,0.0,tile_47.4065_8.5630_47.4100_8.5685.png,,6.9
301,honest,0.3,1.0,20,-15.0,0.0,0.0,tile_47.4010_8.5685_47.4065_8.5700.png,,6.9
302,honest,0.3,0.35,7,-15.0,1.0,0.0,tile_47.4065_8.5465_47.4100_8.5520.png,,6.8
303,honest,0.3,1.0,20,15.0,0.0,0.0,tile_47.3900_8.5355_47.3955_8.5410.png,,6.7
304,honest,0.3,0.45,9,-15.0,1.0,0.0,tile_47.4010_8.5575_47.4065_8.5630.png,,6.8
305,honest,0.3,1.0,20,0.0,0.0,0.0,tile_47.3955_8.5355_47.4010_8.5410.png,,6.8
306,honest,0.3,0.3,6,15.0,1.0,0.0,tile_47.3955_8.5355_47.4010_8.5410.png,,6.9
307,honest,0.3,1.0,20,15.0,0.0,0.0,tile_47.3955_8.5575_47.4010_8.5630.png,,6.7
308,honest,0.3,0.45,9,0.0,1.0,0.0,tile_47.4010_8.5575_47.4065_8.5630.png,,6.8
309,honest,0.3,0.25,5,-15.0,1.0,0.0,tile_47.4010_8.5520_47.4065_8.5575.png,,6.8
310,honest,0.3,1.0,20,15.0,0.0,0.0,tile_47.3955_8.5355_47.4010_8.5410.png,,6.9
311,honest,0.3,0.95,19,-15.0,0.0,0.0,tile_47.4010_8.5355_47.4065_8.5410.png,,6.7
312,honest,0.3,0.45,9,0.0,1.0,0.0,tile_47.4065_8.5520_47.4100_8.5575.png,,6.8
313,honest,0.3,0.45,9,0.0,1.0,0.0,tile_47.3900_8.5685_47.3955_8.5700.png,,6.9
314,honest,0.3,0.5,10,0.0,1.0,0.0,tile_47.4010_8.5410_47.4065_8.5465.png,,6.9
315,honest,0.3,0.3,6,15.0,1.0,0.0,tile_47.3900_8.5410_47.3955_8.5465.png,,7.0
316,honest,0.3,0.45,9,-15.0,1.0,0.0,tile_47.3900_8.5300_47.3955_8.5355.png,,6.9
317,honest,0.3,0.3,6,-15.0,1.0,0.0,tile_47.3955_8.5300_47.4010_8.5355.png,,6.9
318,honest,0.3,0.45,9,0.0,1.0,0.0,tile_47.3900_8.5685_47.3955_8.5700.png,,6.8
319,honest,0.3,0.3,6,-15.0,1.0,0.0,tile_47.3955_8.5465_47.4010_8.5520.png,,6.8
320,honest,0.3,0.5,10,-15.0,1.0,0.0,tile_47.4010_8.5630_47.4065_8.5685.png,,6.8
321,honest,0.3,0.35,7,-15.0,1.0,0.0,tile_47.4065_8.5465_47.4100_8.5520.png,,6.9
322,honest,0.3,0.25,5,-15.0,1.0,0.0,tile_47.4010_8.5520_47.4065_8.5575.png,,6.8
323,honest,0.3,0.4,8,15.0,1.0,0.0,tile_47.4065_8.5410_47.4100_8.5465.png,,6.8
324,honest,0.3,1.0,20,0.0,0.0,0.0,tile_47.3900_8.5355_47.3955_8.5410.png,,6.7
325,honest,0.3,1.0,20,0.0,0.0,0.0,tile_47.4010_8.5685_47.4065_8.5700.png,,6.7
326,honest,0.3,0.6,12,-15.0,1.0,0.0,tile_47.3955_8.5685_47.4010_8.5700.png,,6.8
327,honest,0.3,0.5,10,0.0,1.0,0.0,tile_47.4065_8.5355_47.4100_8.5410.png,,6.9
328,honest,0.3,0.45,9,0.0,1.0,0.0,tile_47.4010_8.5575_47.4065_8.5630.png,,6.9
329,honest,0.3,1.0,20,-15.0,0.0,0.0,tile_47.3955_8.5520_47.4010_8.5575.png,,6.8
330,honest,0.3,0.6,12,0.0,1.0,0.0,tile_47.3955_8.5685_47.4010_8.5700.png,,7.0
331,honest,0.3,1.0,20,-15.0,0.0,0.0,tile_47.3955_8.5520_47.4010_8.5575.png,,7.0
332,honest,0.3,1.0,20,-15.0,0.0,0.0,tile_47.3955_8.5465_47.4010_8.5520.png,,7.0
333,honest,0.3,0.45,9,15.0,1.0,0.0,tile_47.4065_8.5520_47.4100_8.5575.png,,6.8
334,honest,0.3,0.3,6,15.0,1.0,0.0,tile_47.3955_8.5355_47.4010_8.5410.png,,6.9
335,honest,0.3,1.0,20,0.0,0.0,0.0,tile_47.4065_8.5520_47.4100_8.5575.png,,7.1
336,honest,0.3,0.3,6,15.0,1.0,0.0,tile_47.3900_8.5465_47.3955_8.5520.png,,7.3
337,honest,0.3,1.0,20,0.0,0.0,0.0,tile_47.4065_8.5575_47.4100_8.5630.png,,6.8
338,honest,0.3,1.0,20,0.0,0.0,0.0,tile_47.4010_8.5685_47.4065_8.5700.png,,6.8
339,honest,0.3,1.0,20,0.0,0.0,0.0,tile_47.4065_8.5300_47.4100_8.5355.png,,6.8
340,honest,0.3,1.0,20,0.0,0.0,0.0,tile_47.3955_8.5520_47.4010_8.5575.png,,6.8
341,honest,0.3,0.3,6,0.0,1.0,0.0,tile_47.3900_8.5465_47.3955_8.5520.png,,6.9
342,honest,0.3,1.0,20,0.0,0.0,0.0,tile_47.3900_8.5575_47.3955_8.5630.png,,6.8
343,honest,0.3,1.0,20,15.0,0.0,0.0,tile_47.3955_8.5685_47.4010_8.5700.png,,6.7
344,honest,0.3,0.45,9,15.0,1.0,0.0,tile_47.3955_8.5410_47.4010_8.5465.png,,6.7
345,honest,0.3,0.3,6,0.0,1.0,0.0,tile_47.4065_8.5300_47.4100_8.5355.png,,6.7
346,honest,0.3,0.45,9,0.0,1.0,0.0,tile_47.4010_8.5575_47.4065_8.5630.png,,6.7
347,honest,0.3,0.3,6,-15.0,1.0,0.0,tile_47.4065_8.5300_47.4100_8.5355.png,,6.8
348,honest,0.3,0.45,9,0.0,1.0,0.0,tile_47.4010_8.5575_47.4065_8.5630.png,,6.7
349,honest,0.3,1.0,20,-15.0,0.0,0.0,tile_47.4010_8.5465_47.4065_8.5520.png,,6.7
350,honest,0.3,0.35,7,15.0,1.0,0.0,tile_47.3900_8.5575_47.3955_8.5630.png,,6.7
351,honest,0.3,0.3,6,0.0,1.0,0.0,tile_47.3955_8.5300_47.4010_8.5355.png,,6.8
352,honest,0.3,0.95,19,15.0,0.0,0.0,tile_47.4010_8.5685_47.4065_8.5700.png,,6.7
353,honest,0.3,0.3,6,-15.0,1.0,0.0,tile_47.3955_8.5465_47.4010_8.5520.png,,6.7
354,honest,0.3,0.5,10,-15.0,1.0,0.0,tile_47.3955_8.5520_47.4010_8.5575.png,,6.7
355,honest,0.3,1.0,20,-15.0,0.0,0.0,tile_47.3900_8.5520_47.3955_8.5575.png,,6.7
356,honest,0.3,1.0,20,0.0,0.0,0.0,tile_47.4010_8.5575_47.4065_8.5630.png,,6.7
357,honest,0.3,1.0,20,15.0,0.0,0.0,tile_47.3955_8.5355_47.4010_8.5410.png,,6.7
358,honest,0.3,0.95,19,-15.0,0.0,0.0,tile_47.4065_8.5520_47.4100_8.5575.png,,6.7
359,honest,0.3,0.6,12,-15.0,1.0,0.0,tile_47.3955_8.5685_47.4010_8.5700.png,,6.7
360,honest,0.3,0.6,12,0.0,1.0,0.0,tile_47.3955_8.5630_47.4010_8.5685.png,,6.8
361,honest,0.3,1.0,20,15.0,0.0,0.0,tile_47.4065_8.5630_47.4100_8.5685.png,,6.7
362,honest,0.3,0.15,3,-15.0,1.0,0.0,tile_47.4065_8.5575_47.4100_8.5630.png,,6.8
363,honest,0.3,0.4,8,0.0,1.0,0.0,tile_47.3955_8.5410_47.4010_8.5465.png,,6.8
364,honest,0.3,1.0,20,-15.0,0.0,0.0,tile_47.3900_8.5465_47.3955_8.5520.png,,6.8
365,honest,0.3,0.45,9,15.0,1.0,0.0,tile_47.3900_8.5630_47.3955_8.5685.png,,6.7
366,honest,0.3,1.0,20,15.0,0.0,0.0,tile_47.3900_8.5575_47.3955_8.5630.png,,6.7
367,honest,0.3,0.25,5,-15.0,1.0,0.0,tile_47.3955_8.5355_47.4010_8.5410.png,,6.7
368,honest,0.3,1.0,20,0.0,0.0,0.0,tile_47.4065_8.5520_47.4100_8.5575.png,,6.7
369,honest,0.3,1.0,20,0.0,0.0,0.0,tile_47.3900_8.5465_47.3955_8.5520.png,,6.7
370,honest,0.3,0.3,6,0.0,1.0,0.0,tile_47.4065_8.5300_47.4100_8.5355.png,,6.7
371,honest,0.3,0.3,6,-15.0,1.0,0.0,tile_47.3900_8.5355_47.3955_8.5410.png,,6.7
372,honest,0.3,1.0,20,0.0,0.0,0.0,tile_47.3955_8.5355_47.4010_8.5410.png,,6.8
373,honest,0.3,1.0,20,-15.0,0.0,0.0,tile_47.4065_8.5630_47.4100_8.5685.png,,6.7
374,honest,0.3,1.0,20,15.0,0.0,0.0,tile_47.4065_8.5520_47.4100_8.5575.png,,6.7
375,honest,0.3,1.0,20,15.0,0.0,0.0,tile_47.3900_8.5355_47.3955_8.5410.png,,6.7
376,honest,0.3,1.0,20,0.0,0.0,0.0,tile_47.4065_8.5465_47.4100_8.5520.png,,6.7
377,honest,0.3,0.4,8,-15.0,1.0,0.0,tile_47.4010_8.5465_47.4065_8.5520.png,,6.7
378,honest,0.3,0.95,19,-15.0,0.0,0.0,tile_47.4065_8.5410_47.4100_8.5465.png,,6.7
379,honest,0.3,0.45,9,15.0,1.0,0.0,tile_47.3900_8.5685_47.3955_8.5700.png,,6.8
380,honest,0.3,1.0,20,0.0,0.0,0.0,tile_47.3955_8.5355_47.4010_8.5410.png,,6.7
381,honest,0.3,0.45,9,0.0,1.0,0.0,tile_47.4010_8.5630_47.4065_8.5685.png,,6.8
382,honest,0.3,0.4,8,-15.0,1.0,0.0,tile_47.3900_8.5575_47.3955_8.5630.png,,6.8
383,honest,0.3,0.3,6,15.0,1.0,0.0,tile_47.3900_8.5355_47.3955_8.5410.png,,6.8
384,honest,0.3,0.3,6,0.0,1.0,0.0,tile_47.4065_8.5300_47.4100_8.5355.png,,6.8
385,honest,0.3,0.45,9,0.0,1.0,0.0,tile_47.4010_8.5630_47.4065_8.5685.png,,6.8
386,honest,0.3,0.45,9,-15.0,1.0,0.0,tile_47.3900_8.5630_47.3955_8.5685.png,,6.7
387,honest,0.3,0.3,6,15.0,1.0,0.0,tile_47.3900_8.5410_47.3955_8.5465.png,,6.8
388,honest,0.3,0.15,3,0.0,1.0,0.0,tile_47.4065_8.5575_47.4100_8.5630.png,,6.8
389,honest,0.3,0.3,6,15.0,1.0,0.0,tile_47.3955_8.5300_47.4010_8.5355.png,,6.7
390,honest,0.3,0.45,9,-15.0,1.0,0.0,tile_47.4010_8.5410_47.4065_8.5465.png,,6.8
391,honest,0.3,1.0,20,-15.0,0.0,0.0,tile_47.3900_8.5410_47.3955_8.5465.png,,6.8
392,honest,0.3,0.35,7,0.0,1.0,0.0,tile_47.4065_8.5630_47.4100_8.5685.png,,6.8
393,honest,0.3,1.0,20,0.0,0.0,0.0,tile_47.4010_8.5410_47.4065_8.5465.png,,6.8
394,honest,0.3,1.0,20,0.0,0.0,0.0,tile_47.4010_8.5355_47.4065_8.5410.png,,6.8
395,honest,0.3,0.5,10,-15.0,1.0,0.0,tile_47.4065_8.5355_47.4100_8.5410.png,,6.7
396,honest,0.3,0.5,10,15.0,1.0,0.0,tile_47.4010_8.5575_47.4065_8.5630.png,,6.8
397,honest,0.3,0.35,7,-15.0,1.0,0.0,tile_47.4010_8.5685_47.4065_8.5700.png,,6.8
398,honest,0.3,0.5,10,15.0,1.0,0.0,tile_47.4065_8.5465_47.4100_8.5520.png,,6.8
399,honest,0.3,0.45,9,-15.0,1.0,0.0,tile_47.4010_8.5410_47.4065_8.5465.png,,6.7
400,honest,0.3,1.0,20,0.0,0.0,0.0,tile_47.4010_8.5520_47.4065_8.5575.png,,6.7
401,honest,0.3,0.45,9,15.0,1.0,0.0,tile_47.4065_8.5520_47.4100_8.5575.png,,6.8
402,honest,0.3,0.45,9,15.0,1.0,0.0,tile_47.4065_8.5520_47.4100_8.5575.png,,6.8
403,honest,0.3,0.45,9,0.0,1.0,0.0,tile_47.4010_8.5630_47.4065_8.5685.png,,6.8
404,honest,0.3,0.3,6,15.0,1.0,0.0,tile_47.3900_8.5465_47.3955_8.5520.png,,6.8
405,honest,0.3,0.4,8,-15.0,1.0,0.0,tile_47.3955_8.5410_47.4010_8.5465.png,,6.9
406,honest,0.3,1.0,20,-15.0,0.0,0.0,tile_47.3900_8.5410_47.3955_8.5465.png,,6.9
407,honest,0.3,1.0,20,-15.0,0.0,0.0,tile_47.4010_8.5685_47.4065_8.5700.png,,7.1
408,honest,0.3,0.25,5,0.0,1.0,0.0,tile_47.3955_8.5355_47.4010_8.5410.png,,7.0
409,honest,0.3,0.4,8,15.0,1.0,0.0,tile_47.4010_8.5685_47.4065_8.5700.png,,6.9
410,honest,0.3,1.0,20,0.0,0.0,0.0,tile_47.4010_8.5685_47.4065_8.5700.png,,6.9
411,honest,0.3,0.6,12,0.0,1.0,0.0,tile_47.3955_8.5685_47.4010_8.5700.png,,7.1
412,honest,0.3,0.95,19,-15.0,0.0,0.0,tile_47.4065_8.5685_47.4100_8.5700.png,,7.0
413,honest,0.3,0.5,10,15.0,1.0,0.0,tile_47.4010_8.5300_47.4065_8.5355.png,,6.8
414,honest,0.3,0.5,10,0.0,1.0,0.0,tile_47.4010_8.5410_47.4065_8.5465.png,,6.8
415,honest,0.3,0.45,9,15.0,1.0,0.0,tile_47.3900_8.5685_47.3955_8.5700.png,,6.9
416,honest,0.3,1.0,20,-15.0,0.0,0.0,tile_47.3955_8.5465_47.4010_8.5520.png,,6.7
417,honest,0.3,0.25,5,15.0,1.0,0.0,tile_47.4010_8.5520_47.4065_8.5575.png,,6.7
418,honest,0.3,0.55,11,15.0,1.0,0.0,tile_47.4010_8.5410_47.4065_8.5465.png,,6.6
419,honest,0.3,1.0,20,0.0,0.0,0.0,tile_47.4010_8.5685_47.4065_8.5700.png,,6.6
420,honest,0.3,1.0,20,15.0,0.0,0.0,tile_47.3955_8.5520_47.4010_8.5575.png,,6.7
421,honest,0.3,1.0,20,-15.0,0.0,0.0,tile_47.3900_8.5355_47.3955_8.5410.png,,6.7
422,honest,0.3,0.3,6,0.0,1.0,0.0,tile_47.3955_8.5300_47.4010_8.5355.png,,6.6
423,honest,0.3,1.0,20,15.0,0.0,0.0,tile_47.4010_8.5465_47.4065_8.5520.png,,6.8
424,honest,0.3,0.4,8,0.0,1.0,0.0,tile_47.4065_8.5410_47.4100_8.5465.png,,6.9
425,honest,0.3,1.0,20,15.0,0.0,0.0,tile_47.4010_8.5520_47.4065_8.5575.png,,6.8
426,honest,0.3,1.0,20,15.0,0.0,0.0,tile_47.4065_8.5575_47.4100_8.5630.png,,6.7
427,honest,0.3,0.3,6,15.0,1.0,0.0,tile_47.3955_8.5465_47.4010_8.5520.png,,6.8
428,honest,0.3,0.45,9,-15.0,1.0,0.0,tile_47.3900_8.5685_47.3955_8.5700.png,,6.8
429,honest,0.3,1.0,20,15.0,0.0,0.0,tile_47.3955_8.5410_47.4010_8.5465.png,,6.9
430,honest,0.3,0.5,10,-15.0,1.0,0.0,tile_47.4010_8.5630_47.4065_8.5685.png,,7.0
431,honest,0.3,0.5,10,15.0,1.0,0.0,tile_47.4010_8.5300_47.4065_8.5355.png,,6.9
432,honest,0.3,0.4,8,-15.0,1.0,0.0,tile_47.4010_8.5465_47.4065_8.5520.png,,6.8
433,honest,0.3,1.0,20,15.0,0.0,0.0,tile_47.3955_8.5355_47.4010_8.5410.png,,6.8
434,honest,0.3,0.3,6,-15.0,1.0,0.0,tile_47.3900_8.5355_47.3955_8.5410.png,,6.9
435,honest,0.3,1.0,20,-15.0,0.0,0.0,tile_47.3955_8.5575_47.4010_8.5630.png,,6.7
436,honest,0.3,0.65,13,15.0,1.0,0.0,tile_47.4065_8.5685_47.4100_8.5700.png,,6.8
437,honest,0.3,0.3,6,15.0,1.0,0.0,tile_47.4065_8.5630_47.4100_8.5685.png,,6.8
438,honest,0.3,0.15,3,-15.0,1.0,0.0,tile_47.4065_8.5575_47.4100_8.5630.png,,6.8
439,honest,0.3,0.95,19,-15.0,0.0,0.0,tile_47.4065_8.5520_47.4100_8.5575.png,,6.8
440,honest,0.3,0.75,15,0.0,1.0,0.0,tile_47.3955_8.5575_47.4010_8.5630.png,,6.7
441,honest,0.3,1.0,20,0.0,0.0,0.0,tile_47.4010_8.5520_47.4065_8.5575.png,,6.8
442,honest,0.3,0.3,6,15.0,1.0,0.0,tile_47.3955_8.5300_47.4010_8.5355.png,,6.8
443,honest,0.3,1.0,20,0.0,0.0,0.0,tile_47.3955_8.5685_47.4010_8.5700.png,,6.7
444,honest,0.3,1.0,20,0.0,0.0,0.0,tile_47.4065_8.5520_47.4100_8.5575.png,,6.8
445,honest,0.3,1.0,20,-15.0,0.0,0.0,tile_47.3900_8.5465_47.3955_8.5520.png,,6.7
446,honest,0.3,0.6,12,0.0,1.0,0.0,tile_47.3955_8.5685_47.4010_8.5700.png,,6.8
447,honest,0.3,0.5,10,-15.0,1.0,0.0,tile_47.3955_8.5520_47.4010_8.5575.png,,6.8
448,honest,0.3,0.6,12,-15.0,1.0,0.0,tile_47.4065_8.5685_47.4100_8.5700.png,,6.8
449,honest,0.3,0.3,6,0.0,1.0,0.0,tile_47.3900_8.5575_47.3955_8.5630.png,,6.7
450,honest,0.3,0.75,15,0.0,1.0,0.0,tile_47.3955_8.5575_47.4010_8.5630.png,,6.7
451,honest,0.3,0.3,6,15.0,1.0,0.0,tile_47.3900_8.5465_47.3955_8.5520.png,,6.8
452,honest,0.3,0.5,10,0.0,1.0,0.0,tile_47.4010_8.5410_47.4065_8.5465.png,,6.8
453,honest,0.3,1.0,20,15.0,0.0,0.0,tile_47.4065_8.5465_47.4100_8.5520.png,,6.8
454,honest,0.3,0.5,10,-15.0,1.0,0.0,tile_47.4065_8.5355_47.4100_8.5410.png,,6.8
455,honest,0.3,1.0,20,0.0,0.0,0.0,tile_47.3900_8.5465_47.3955_8.5520.png,,6.8
456,honest,0.3,1.0,20,15.0,0.0,0.0,tile_47.4010_8.5410_47.4065_8.5465.png,,6.8
457,honest,0.3,0.3,6,-15.0,1.0,0.0,tile_47.4010_8.5355_47.4065_8.5410.png,,6.8
458,honest,0.3,1.0,20,15.0,0.0,0.0,tile_47.3900_8.5630_47.3955_8.5685.png,,6.8
459,honest,0.3,0.4,8,0.0,1.0,0.0,tile_47.4010_8.5685_47.4065_8.5700.png,,6.9
460,honest,0.3,1.0,20,-15.0,0.0,0.0,tile_47.3900_8.5410_47.3955_8.5465.png,,6.7
461,honest,0.3,1.0,20,-15.0,0.0,0.0,tile_47.4010_8.5575_47.4065_8.5630.png,,6.7
462,honest,0.3,0.3,6,0.0,1.0,0.0,tile_47.3955_8.5300_47.4010_8.5355.png,,6.8
463,honest,0.3,0.5,10,0.0,1.0,0.0,tile_47.4065_8.5355_47.4100_8.5410.png,,6.8
464,honest,0.3,0.65,13,15.0,1.0,0.0,tile_47.4065_8.5685_47.4100_8.5700.png,,6.8
465,honest,0.3,0.3,6,15.0,1.0,0.0,tile_47.3900_8.5355_47.3955_8.5410.png,,6.8
466,honest,0.3,0.4,8,0.0,1.0,0.0,tile_47.4065_8.5410_47.4100_8.5465.png,,6.8
467,honest,0.3,0.3,6,15.0,1.0,0.0,tile_47.4065_8.5630_47.4100_8.5685.png,,6.7
468,honest,0.3,1.0,20,0.0,0.0,0.0,tile_47.4065_8.5630_47.4100_8.5685.png,,6.7
469,honest,0.3,0.6,12,-15.0,1.0,0.0,tile_47.3955_8.5685_47.4010_8.5700.png,,6.7
470,honest,0.3,1.0,20,-15.0,0.0,0.0,tile_47.3900_8.5355_47.3955_8.5410.png,,6.7
471,honest,0.3,0.25,5,0.0,1.0,0.0,tile_47.3955_8.5355_47.4010_8.5410.png,,6.8
472,honest,0.3,1.0,20,0.0,0.0,0.0,tile_47.4065_8.5630_47.4100_8.5685.png,,6.8
473,honest,0.3,1.0,20,15.0,0.0,0.0,tile_47.3955_8.5575_47.4010_8.5630.png,,6.7
474,honest,0.3,0.3,6,15.0,1.0,0.0,tile_47.4065_8.5300_47.4100_8.5355.png,,6.8
475,honest,0.3,1.0,20,0.0,0.0,0.0,tile_47.4010_8.5575_47.4065_8.5630.png,,6.7
476,honest,0.3,0.3,6,15.0,1.0,0.0,tile_47.4065_8.5630_47.4100_8.5685.png,,6.7
477,honest,0.3,1.0,20,-15.0,0.0,0.0,tile_47.4010_8.5465_47.4065_8.5520.png,,6.7
478,honest,0.3,0.7,14,-15.0,1.0,0.0,tile_47.3955_8.5575_47.4010_8.5630.png,,6.7
479,honest,0.3,0.3,6,15.0,1.0,0.0,tile_47.4065_8.5630_47.4100_8.5685.png,,6.7
480,honest,0.3,0.45,9,0.0,1.0,0.0,tile_47.3900_8.5685_47.3955_8.5700.png,,6.8
481,honest,0.3,0.45,9,15.0,1.0,0.0,tile_47.4010_8.5630_47.4065_8.5685.png,,6.9
482,honest,0.3,0.45,9,-15.0,1.0,0.0,tile_47.4010_8.5410_47.4065_8.5465.png,,6.9
483,honest,0.3,1.0,20,15.0,0.0,0.0,tile_47.4065_8.5520_47.4100_8.5575.png,,6.8
484,honest,0.3,0.75,15,15.0,1.0,0.0,tile_47.3955_8.5575_47.4010_8.5630.png,,6.7
485,honest,0.3,0.3,6,-15.0,1.0,0.0,tile_47.3955_8.5300_47.4010_8.5355.png,,6.7
486,honest,0.3,1.0,20,-15.0,0.0,0.0,tile_47.3900_8.5465_47.3955_8.5520.png,,6.8
487,honest,0.3,1.0,20,15.0,0.0,0.0,tile_47.3900_8.5465_47.3955_8.5520.png,,6.8
488,honest,0.3,0.35,7,-15.0,1.0,0.0,tile_47.4065_8.5630_47.4100_8.5685.png,,6.8
489,honest,0.3,1.0,20,-15.0,0.0,0.0,tile_47.3955_8.5410_47.4010_8.5465.png,,6.8
490,honest,0.3,0.55,11,0.0,1.0,0.0,tile_47.3955_8.5520_47.4010_8.5575.png,,6.8
491,honest,0.3,0.3,6,0.0,1.0,0.0,tile_47.3900_8.5465_47.3955_8.5520.png,,6.8
492,honest,0.3,1.0,20,-15.0,0.0,0.0,tile_47.3955_8.5465_47.4010_8.5520.png,,6.7
493,honest,0.3,1.0,20,0.0,0.0,0.0,tile_47.4065_8.5355_47.4100_8.5410.png,,6.7
494,honest,0.3,1.0,20,0.0,0.0,0.0,tile_47.3900_8.5410_47.3955_8.5465.png,,6.7
495,honest,0.3,0.45,9,-15.0,1.0,0.0,tile_47.4010_8.5575_47.4065_8.5630.png,,6.8
496,honest,0.3,0.3,6,0.0,1.0,0.0,tile_47.3955_8.5300_47.4010_8.5355.png,,6.8
497,honest,0.3,0.55,11,15.0,1.0,0.0,tile_47.3955_8.5520_47.4010_8.5575.png,,6.8
498,honest,0.3,0.15,3,-15.0,1.0,0.0,tile_47.4065_8.5575_47.4100_8.5630.png,,6.8
499,honest,0.3,0.5,10,15.0,1.0,0.0,tile_47.3900_8.5300_47.3955_8.5355.png,,6.7
500,byzantine,0.3,0.0,0,15.0,1.0,0.0,tile_47.3955_8.5520_47.4010_8.5575.png,tile_47.3900_8.5575_47.3955_8.5630.png,6.8
501,byzantine,0.3,0.0,0,15.0,1.0,0.0,tile_47.4010_8.5520_47.4065_8.5575.png,tile_47.3900_8.5410_47.3955_8.5465.png,6.8
502,byzantine,0.3,0.0,0,0.0,0.0,0.0,tile_47.3955_8.5300_47.4010_8.5355.png,tile_47.4010_8.5300_47.4065_8.5355.png,6.8
503,byzantine,0.3,0.0,0,0.0,0.0,0.0,tile_47.4010_8.5300_47.4065_8.5355.png,tile_47.3955_8.5520_47.4010_8.5575.png,6.7
504,byzantine,0.3,0.0,0,-15.0,1.0,0.0,tile_47.4010_8.5575_47.4065_8.5630.png,tile_47.3955_8.5355_47.4010_8.5410.png,6.9
505,byzantine,0.3,0.05,1,15.0,0.0,0.0,tile_47.4010_8.5685_47.4065_8.5700.png,tile_47.4010_8.5630_47.4065_8.5685.png,6.8
506,byzantine,0.3,0.0,0,-15.0,0.0,0.0,tile_47.4065_8.5575_47.4100_8.5630.png,tile_47.3955_8.5355_47.4010_8.5410.png,6.8
507,byzantine,0.3,0.0,0,-15.0,1.0,0.0,tile_47.3900_8.5685_47.3955_8.5700.png,tile_47.4010_8.5575_47.4065_8.5630.png,6.8
508,byzantine,0.3,0.0,0,0.0,1.0,0.0,tile_47.3955_8.5630_47.4010_8.5685.png,tile_47.4065_8.5685_47.4100_8.5700.png,6.8
509,byzantine,0.3,0.0,0,-15.0,1.0,0.0,tile_47.4065_8.5575_47.4100_8.5630.png,tile_47.4010_8.5685_47.4065_8.5700.png,6.8
510,byzantine,0.3,0.0,0,15.0,1.0,0.0,tile_47.4065_8.5630_47.4100_8.5685.png,tile_47.4065_8.5300_47.4100_8.5355.png,6.7
511,byzantine,0.3,0.0,0,15.0,0.0,0.0,tile_47.3900_8.5575_47.3955_8.5630.png,tile_47.4010_8.5355_47.4065_8.5410.png,6.7
512,byzantine,0.3,0.0,0,0.0,1.0,0.0,tile_47.3900_8.5685_47.3955_8.5700.png,tile_47.3900_8.5355_47.3955_8.5410.png,6.8
513,byzantine,0.3,0.05,1,15.0,0.0,0.0,tile_47.3955_8.5410_47.4010_8.5465.png,tile_47.3955_8.5465_47.4010_8.5520.png,6.8
514,byzantine,0.3,0.0,0,15.0,1.0,0.0,tile_47.3955_8.5575_47.4010_8.5630.png,tile_47.4010_8.5685_47.4065_8.5700.png,6.8
515,byzantine,0.3,0.0,0,15.0,1.0,0.0,tile_47.4065_8.5520_47.4100_8.5575.png,tile_47.4065_8.5355_47.4100_8.5410.png,6.9
516,byzantine,0.3,0.0,0,-15.0,1.0,0.0,tile_47.4065_8.5410_47.4100_8.5465.png,tile_47.3955_8.5630_47.4010_8.5685.png,6.9
517,byzantine,0.3,0.0,0,15.0,0.0,0.0,tile_47.4010_8.5465_47.4065_8.5520.png,tile_47.4065_8.5300_47.4100_8.5355.png,6.8
518,byzantine,0.3,0.0,0,-15.0,1.0,0.0,tile_47.3900_8.5300_47.3955_8.5355.png,tile_47.4065_8.5300_47.4100_8.5355.png,6.9
519,byzantine,0.3,0.0,0,-15.0,0.0,0.0,tile_47.4065_8.5465_47.4100_8.5520.png,tile_47.3955_8.5465_47.4010_8.5520.png,6.8
520,byzantine,0.3,0.0,0,15.0,0.0,0.0,tile_47.3900_8.5520_47.3955_8.5575.png,tile_47.4065_8.5630_47.4100_8.5685.png,6.8
521,byzantine,0.3,0.0,0,0.0,0.0,0.0,tile_47.4065_8.5410_47.4100_8.5465.png,tile_47.3900_8.5575_47.3955_8.5630.png,6.8
522,byzantine,0.3,0.0,0,-15.0,1.0,0.0,tile_47.4065_8.5300_47.4100_8.5355.png,tile_47.3955_8.5630_47.4010_8.5685.png,6.8
523,byzantine,0.3,0.0,0,0.0,1.0,0.0,tile_47.3955_8.5300_47.4010_8.5355.png,tile_47.4010_8.5575_47.4065_8.5630.png,6.8
524,byzantine,0.3,0.0,0,0.0,0.0,0.0,tile_47.4065_8.5355_47.4100_8.5410.png,tile_47.4010_8.5300_47.4065_8.5355.png,6.8
525,byzantine,0.3,0.0,0,-15.0,0.0,0.0,tile_47.3900_8.5355_47.3955_8.5410.png,tile_47.3955_8.5410_47.4010_8.5465.png,6.8
526,byzantine,0.3,0.05,1,0.0,1.0,0.0,tile_47.3955_8.5630_47.4010_8.5685.png,tile_47.3900_8.5685_47.3955_8.5700.png,6.8
527,byzantine,0.3,0.0,0,0.0,1.0,0.0,tile_47.4010_8.5355_47.4065_8.5410.png,tile_47.3900_8.5630_47.3955_8.5685.png,6.8
528,byzantine,0.3,0.05,1,15.0,0.0,0.0,tile_47.4065_8.5410_47.4100_8.5465.png,tile_47.4010_8.5465_47.4065_8.5520.png,6.8
529,byzantine,0.3,0.0,0,-15.0,0.0,0.0,tile_47.3900_8.5520_47.3955_8.5575.png,tile_47.3900_8.5465_47.3955_8.5520.png,6.8
530,byzantine,0.3,0.0,0,15.0,0.0,0.0,tile_47.3900_8.5465_47.3955_8.5520.png,tile_47.3955_8.5300_47.4010_8.5355.png,6.7
531,byzantine,0.3,0.0,0,15.0,0.0,0.0,tile_47.4065_8.5520_47.4100_8.5575.png,tile_47.3900_8.5685_47.3955_8.5700.png,6.7
532,byzantine,0.3,0.0,0,15.0,0.0,0.0,tile_47.3955_8.5300_47.4010_8.5355.png,tile_47.4010_8.5355_47.4065_8.5410.png,6.8
533,byzantine,0.3,0.0,0,0.0,0.0,0.0,tile_47.4010_8.5520_47.4065_8.5575.png,tile_47.3900_8.5685_47.3955_8.5700.png,6.8
534,byzantine,0.3,0.0,0,0.0,0.0,0.0,tile_47.4065_8.5410_47.4100_8.5465.png,tile_47.3955_8.5355_47.4010_8.5410.png,6.7
535,byzantine,0.3,0.0,0,0.0,0.0,0.0,tile_47.4065_8.5465_47.4100_8.5520.png,tile_47.4010_8.5355_47.4065_8.5410.png,6.8
536,byzantine,0.3,0.05,1,0.0,0.0,0.0,tile_47.4065_8.5300_47.4100_8.5355.png,tile_47.4065_8.5410_47.4100_8.5465.png,6.8
537,byzantine,0.3,0.0,0,15.0,1.0,0.0,tile_47.4065_8.5410_47.4100_8.5465.png,tile_47.3900_8.5520_47.3955_8.5575.png,6.8
538,byzantine,0.3,0.0,0,0.0,1.0,0.0,tile_47.4065_8.5630_47.4100_8.5685.png,tile_47.3900_8.5685_47.3955_8.5700.png,6.8
539,byzantine,0.3,0.0,0,-15.0,1.0,0.0,tile_47.4065_8.5575_47.4100_8.5630.png,tile_47.4065_8.5630_47.4100_8.5685.png,6.9
540,byzantine,0.3,0.0,0,-15.0,1.0,0.0,tile_47.3955_8.5300_47.4010_8.5355.png,tile_47.3955_8.5575_47.4010_8.5630.png,6.8
541,byzantine,0.3,0.0,0,-15.0,1.0,0.0,tile_47.4010_8.5575_47.4065_8.5630.png,tile_47.4010_8.5520_47.4065_8.5575.png,6.9
542,byzantine,0.3,0.0,0,-15.0,1.0,0.0,tile_47.3900_8.5575_47.3955_8.5630.png,tile_47.4010_8.5410_47.4065_8.5465.png,6.8
543,byzantine,0.3,0.05,1,15.0,0.0,0.0,tile_47.4010_8.5355_47.4065_8.5410.png,tile_47.3955_8.5520_47.4010_8.5575.png,6.8
544,byzantine,0.3,0.0,0,15.0,0.0,0.0,tile_47.3955_8.5520_47.4010_8.5575.png,tile_47.4065_8.5410_47.4100_8.5465.png,6.8
545,byzantine,0.3,0.0,0,15.0,0.0,0.0,tile_47.3955_8.5575_47.4010_8.5630.png,tile_47.4065_8.5520_47.4100_8.5575.png,6.7
546,byzantine,0.3,0.0,0,0.0,1.0,0.0,tile_47.3955_8.5575_47.4010_8.5630.png,tile_47.4065_8.5630_47.4100_8.5685.png,6.8
547,byzantine,0.3,0.0,0,-15.0,0.0,0.0,tile_47.3955_8.5685_47.4010_8.5700.png,tile_47.4010_8.5685_47.4065_8.5700.png,6.8
548,byzantine,0.3,0.0,0,15.0,0.0,0.0,tile_47.3955_8.5685_47.4010_8.5700.png,tile_47.4010_8.5410_47.4065_8.5465.png,6.8
549,byzantine,0.3,0.0,0,0.0,1.0,0.0,tile_47.4065_8.5575_47.4100_8.5630.png,tile_47.4010_8.5355_47.4065_8.5410.png,6.8
550,byzantine,0.3,0.0,0,15.0,1.0,0.0,tile_47.4010_8.5300_47.4065_8.5355.png,tile_47.3955_8.5465_47.4010_8.5520.png,6.8
551,byzantine,0.3,0.0,0,15.0,1.0,0.0,tile_47.3900_8.5630_47.3955_8.5685.png,tile_47.4065_8.5410_47.4100_8.5465.png,6.8
552,byzantine,0.3,0.0,0,15.0,1.0,0.0,tile_47.3955_8.5575_47.4010_8.5630.png,tile_47.3955_8.5465_47.4010_8.5520.png,6.8
553,byzantine,0.3,0.0,0,0.0,1.0,0.0,tile_47.3955_8.5630_47.4010_8.5685.png,tile_47.4065_8.5300_47.4100_8.5355.png,6.8
554,byzantine,0.3,0.0,0,-15.0,0.0,0.0,tile_47.4065_8.5410_47.4100_8.5465.png,tile_47.3955_8.5355_47.4010_8.5410.png,6.8
555,byzantine,0.3,0.0,0,-15.0,0.0,0.0,tile_47.3955_8.5630_47.4010_8.5685.png,tile_47.3955_8.5520_47.4010_8.5575.png,6.8
556,byzantine,0.3,0.0,0,15.0,0.0,0.0,tile_47.4010_8.5575_47.4065_8.5630.png,tile_47.3955_8.5300_47.4010_8.5355.png,6.8
557,byzantine,0.3,0.0,0,0.0,1.0,0.0,tile_47.3955_8.5410_47.4010_8.5465.png,tile_47.4065_8.5300_47.4100_8.5355.png,6.9
558,byzantine,0.3,0.0,0,0.0,0.0,0.0,tile_47.4065_8.5685_47.4100_8.5700.png,tile_47.3900_8.5575_47.3955_8.5630.png,6.7
559,byzantine,0.3,0.0,0,15.0,0.0,0.0,tile_47.3900_8.5520_47.3955_8.5575.png,tile_47.4065_8.5685_47.4100_8.5700.png,6.7
560,byzantine,0.3,0.0,0,15.0,0.0,0.0,tile_47.4065_8.5410_47.4100_8.5465.png,tile_47.3900_8.5520_47.3955_8.5575.png,6.7
561,byzantine,0.3,0.0,0,15.0,0.0,0.0,tile_47.3955_8.5355_47.4010_8.5410.png,tile_47.3900_8.5300_47.3955_8.5355.png,6.8
562,byzantine,0.3,0.0,0,-15.0,1.0,0.0,tile_47.3900_8.5465_47.3955_8.5520.png,tile_47.4010_8.5520_47.4065_8.5575.png,6.8
563,byzantine,0.3,0.0,0,15.0,1.0,0.0,tile_47.3900_8.5355_47.3955_8.5410.png,tile_47.3900_8.5300_47.3955_8.5355.png,6.7
564,byzantine,0.3,0.0,0,15.0,1.0,0.0,tile_47.3900_8.5355_47.3955_8.5410.png,tile_47.4010_8.5355_47.4065_8.5410.png,6.8
565,byzantine,0.3,0.0,0,15.0,1.0,0.0,tile_47.3900_8.5355_47.3955_8.5410.png,tile_47.4010_8.5355_47.4065_8.5410.png,6.8
566,byzantine,0.3,0.0,0,15.0,1.0,0.0,tile_47.3900_8.5630_47.3955_8.5685.png,tile_47.4065_8.5630_47.4100_8.5685.png,6.8
567,byzantine,0.3,0.0,0,-15.0,0.0,0.0,tile_47.3955_8.5520_47.4010_8.5575.png,tile_47.4010_8.5520_47.4065_8.5575.png,6.8
568,byzantine,0.3,0.0,0,15.0,1.0,0.0,tile_47.4010_8.5355_47.4065_8.5410.png,tile_47.4065_8.5410_47.4100_8.5465.png,6.9
569,byzantine,0.3,0.0,0,0.0,0.0,0.0,tile_47.4065_8.5355_47.4100_8.5410.png,tile_47.3955_8.5630_47.4010_8.5685.png,6.8
570,byzantine,0.3,0.0,0,15.0,0.0,0.0,tile_47.4010_8.5465_47.4065_8.5520.png,tile_47.4010_8.5630_47.4065_8.5685.png,6.8
571,byzantine,0.3,0.0,0,-15.0,0.0,0.0,tile_47.4065_8.5355_47.4100_8.5410.png,tile_47.3955_8.5520_47.4010_8.5575.png,7.0
572,byzantine,0.3,0.0,0,0.0,1.0,0.0,tile_47.3900_8.5300_47.3955_8.5355.png,tile_47.4010_8.5685_47.4065_8.5700.png,7.1
573,byzantine,0.3,0.0,0,-15.0,0.0,0.0,tile_47.4065_8.5465_47.4100_8.5520.png,tile_47.4010_8.5520_47.4065_8.5575.png,7.0
574,byzantine,0.3,0.0,0,0.0,0.0,0.0,tile_47.3955_8.5630_47.4010_8.5685.png,tile_47.3900_8.5630_47.3955_8.5685.png,7.0
575,byzantine,0.3,0.0,0,15.0,1.0,0.0,tile_47.3900_8.5410_47.3955_8.5465.png,tile_47.4065_8.5630_47.4100_8.5685.png,7.1
576,byzantine,0.3,0.0,0,-15.0,1.0,0.0,tile_47.3955_8.5465_47.4010_8.5520.png,tile_47.4065_8.5630_47.4100_8.5685.png,7.1
577,byzantine,0.3,0.05,1,0.0,0.0,0.0,tile_47.3955_8.5355_47.4010_8.5410.png,tile_47.4065_8.5355_47.4100_8.5410.png,7.0
578,byzantine,0.3,0.0,0,15.0,1.0,0.0,tile_47.4010_8.5465_47.4065_8.5520.png,tile_47.3900_8.5575_47.3955_8.5630.png,7.1
579,byzantine,0.3,0.0,0,15.0,0.0,0.0,tile_47.4010_8.5575_47.4065_8.5630.png,tile_47.3955_8.5520_47.4010_8.5575.png,7.1
580,byzantine,0.3,0.0,0,15.0,0.0,0.0,tile_47.4010_8.5630_47.4065_8.5685.png,tile_47.3900_8.5355_47.3955_8.5410.png,7.1
581,byzantine,0.3,0.0,0,-15.0,1.0,0.0,tile_47.3900_8.5520_47.3955_8.5575.png,tile_47.3955_8.5465_47.4010_8.5520.png,7.3
582,byzantine,0.3,0.0,0,15.0,1.0,0.0,tile_47.3900_8.5355_47.3955_8.5410.png,tile_47.4010_8.5575_47.4065_8.5630.png,7.0
583,byzantine,0.3,0.0,0,0.0,1.0,0.0,tile_47.3955_8.5630_47.4010_8.5685.png,tile_47.3955_8.5465_47.4010_8.5520.png,7.1
584,byzantine,0.3,0.05,1,15.0,1.0,0.0,tile_47.3955_8.5465_47.4010_8.5520.png,tile_47.4010_8.5630_47.4065_8.5685.png,7.1
585,byzantine,0.3,0.0,0,15.0,1.0,0.0,tile_47.4010_8.5410_47.4065_8.5465.png,tile_47.4065_8.5410_47.4100_8.5465.png,7.1
586,byzantine,0.3,0.0,0,-15.0,0.0,0.0,tile_47.4010_8.5355_47.4065_8.5410.png,tile_47.3900_8.5520_47.3955_8.5575.png,7.0
587,byzantine,0.3,0.0,0,0.0,0.0,0.0,tile_47.4010_8.5520_47.4065_8.5575.png,tile_47.3955_8.5465_47.4010_8.5520.png,7.0
588,byzantine,0.3,0.0,0,-15.0,0.0,0.0,tile_47.4010_8.5465_47.4065_8.5520.png,tile_47.3955_8.5630_47.4010_8.5685.png,7.0
589,byzantine,0.3,0.0,0,0.0,1.0,0.0,tile_47.3955_8.5300_47.4010_8.5355.png,tile_47.3900_8.5410_47.3955_8.5465.png,7.1
590,byzantine,0.3,0.0,0,-15.0,1.0,0.0,tile_47.4065_8.5410_47.4100_8.5465.png,tile_47.3900_8.5465_47.3955_8.5520.png,7.0
591,byzantine,0.3,0.0,0,-15.0,0.0,0.0,tile_47.3900_8.5575_47.3955_8.5630.png,tile_47.4010_8.5520_47.4065_8.5575.png,7.0
592,byzantine,0.3,0.0,0,15.0,1.0,0.0,tile_47.3900_8.5300_47.3955_8.5355.png,tile_47.3955_8.5410_47.4010_8.5465.png,7.0
593,byzantine,0.3,0.0,0,0.0,1.0,0.0,tile_47.3955_8.5685_47.4010_8.5700.png,tile_47.4010_8.5465_47.4065_8.5520.png,7.1
594,byzantine,0.3,0.0,0,15.0,0.0,0.0,tile_47.3955_8.5410_47.4010_8.5465.png,tile_47.3900_8.5520_47.3955_8.5575.png,7.0
595,byzantine,0.3,0.0,0,0.0,1.0,0.0,tile_47.4065_8.5685_47.4100_8.5700.png,tile_47.3900_8.5520_47.3955_8.5575.png,7.1
596,byzantine,0.3,0.0,0,-15.0,0.0,0.0,tile_47.4010_8.5355_47.4065_8.5410.png,tile_47.3955_8.5575_47.4010_8.5630.png,7.0
597,byzantine,0.3,0.0,0,0.0,1.0,0.0,tile_47.4010_8.5685_47.4065_8.5700.png,tile_47.3955_8.5300_47.4010_8.5355.png,7.1
598,byzantine,0.3,0.0,0,-15.0,1.0,0.0,tile_47.4065_8.5575_47.4100_8.5630.png,tile_47.3900_8.5465_47.3955_8.5520.png,7.1
599,byzantine,0.3,0.0,0,-15.0,1.0,0.0,tile_47.4065_8.5355_47.4100_8.5410.png,tile_47.3955_8.5410_47.4010_8.5465.png,7.1
600,byzantine,0.3,0.0,0,15.0,1.0,0.0,tile_47.4065_8.5520_47.4100_8.5575.png,tile_47.3955_8.5410_47.4010_8.5465.png,7.0
601,byzantine,0.3,0.05,1,0.0,0.0,0.0,tile_47.4010_8.5520_47.4065_8.5575.png,tile_47.4010_8.5465_47.4065_8.5520.png,7.0
602,byzantine,0.3,0.0,0,15.0,0.0,0.0,tile_47.4010_8.5520_47.4065_8.5575.png,tile_47.3900_8.5575_47.3955_8.5630.png,7.0
603,byzantine,0.3,0.0,0,0.0,1.0,0.0,tile_47.4065_8.5685_47.4100_8.5700.png,tile_47.4065_8.5630_47.4100_8.5685.png,7.1
604,byzantine,0.3,0.0,0,15.0,0.0,0.0,tile_47.4065_8.5300_47.4100_8.5355.png,tile_47.3955_8.5300_47.4010_8.5355.png,7.0
605,byzantine,0.3,0.0,0,0.0,1.0,0.0,tile_47.3955_8.5520_47.4010_8.5575.png,tile_47.4010_8.5465_47.4065_8.5520.png,7.1
606,byzantine,0.3,0.0,0,15.0,0.0,0.0,tile_47.4065_8.5575_47.4100_8.5630.png,tile_47.4065_8.5685_47.4100_8.5700.png,7.0
607,byzantine,0.3,0.0,0,15.0,0.0,0.0,tile_47.4010_8.5410_47.4065_8.5465.png,tile_47.4065_8.5465_47.4100_8.5520.png,7.1
608,byzantine,0.3,0.0,0,15.0,0.0,0.0,tile_47.4065_8.5685_47.4100_8.5700.png,tile_47.3900_8.5520_47.3955_8.5575.png,7.0
609,byzantine,0.3,0.0,0,15.0,1.0,0.0,tile_47.4010_8.5300_47.4065_8.5355.png,tile_47.4010_8.5630_47.4065_8.5685.png,7.1
610,byzantine,0.3,0.0,0,-15.0,1.0,0.0,tile_47.3900_8.5520_47.3955_8.5575.png,tile_47.3955_8.5685_47.4010_8.5700.png,7.0
611,byzantine,0.3,0.0,0,15.0,1.0,0.0,tile_47.4065_8.5410_47.4100_8.5465.png,tile_47.4010_8.5355_47.4065_8.5410.png,7.0
612,byzantine,0.3,0.0,0,-15.0,1.0,0.0,tile_47.3900_8.5630_47.3955_8.5685.png,tile_47.4065_8.5355_47.4100_8.5410.png,7.1
613,byzantine,0.3,0.0,0,-15.0,1.0,0.0,tile_47.3900_8.5410_47.3955_8.5465.png,tile_47.4010_8.5465_47.4065_8.5520.png,7.0
614,byzantine,0.3,0.0,0,15.0,1.0,0.0,tile_47.4065_8.5465_47.4100_8.5520.png,tile_47.3900_8.5465_47.3955_8.5520.png,7.0
615,byzantine,0.3,0.0,0,-15.0,0.0,0.0,tile_47.3955_8.5630_47.4010_8.5685.png,tile_47.4010_8.5355_47.4065_8.5410.png,7.0
616,byzantine,0.3,0.0,0,15.0,0.0,0.0,tile_47.4010_8.5685_47.4065_8.5700.png,tile_47.3955_8.5520_47.4010_8.5575.png,7.0
617,byzantine,0.3,0.0,0,0.0,0.0,0.0,tile_47.3900_8.5355_47.3955_8.5410.png,tile_47.4010_8.5300_47.4065_8.5355.png,7.0
618,byzantine,0.3,0.0,0,-15.0,1.0,0.0,tile_47.3900_8.5575_47.3955_8.5630.png,tile_47.3900_8.5465_47.3955_8.5520.png,7.0
619,byzantine,0.3,0.0,0,15.0,0.0,0.0,tile_47.4010_8.5465_47.4065_8.5520.png,tile_47.3955_8.5410_47.4010_8.5465.png,7.0
620,byzantine,0.3,0.0,0,0.0,0.0,0.0,tile_47.4010_8.5630_47.4065_8.5685.png,tile_47.3955_8.5685_47.4010_8.5700.png,7.0
621,byzantine,0.3,0.0,0,-15.0,1.0,0.0,tile_47.4010_8.5520_47.4065_8.5575.png,tile_47.3900_8.5410_47.3955_8.5465.png,7.0
622,byzantine,0.3,0.0,0,0.0,0.0,0.0,tile_47.3900_8.5355_47.3955_8.5410.png,tile_47.4065_8.5520_47.4100_8.5575.png,7.1
623,byzantine,0.3,0.0,0,0.0,0.0,0.0,tile_47.3955_8.5685_47.4010_8.5700.png,tile_47.4010_8.5355_47.4065_8.5410.png,7.0
624,byzantine,0.3,0.0,0,-15.0,0.0,0.0,tile_47.4065_8.5465_47.4100_8.5520.png,tile_47.4065_8.5685_47.4100_8.5700.png,7.1
625,byzantine,0.3,0.0,0,0.0,0.0,0.0,tile_47.3955_8.5465_47.4010_8.5520.png,tile_47.3900_8.5575_47.3955_8.5630.png,7.1
626,byzantine,0.3,0.0,0,15.0,1.0,0.0,tile_47.3900_8.5355_47.3955_8.5410.png,tile_47.4065_8.5300_47.4100_8.5355.png,7.1
627,byzantine,0.3,0.0,0,15.0,0.0,0.0,tile_47.4065_8.5465_47.4100_8.5520.png,tile_47.3955_8.5520_47.4010_8.5575.png,7.1
628,byzantine,0.3,0.0,0,-15.0,0.0,0.0,tile_47.4010_8.5355_47.4065_8.5410.png,tile_47.4065_8.5355_47.4100_8.5410.png,7.0
629,byzantine,0.3,0.0,0,15.0,0.0,0.0,tile_47.3955_8.5465_47.4010_8.5520.png,tile_47.3955_8.5520_47.4010_8.5575.png,7.0
630,byzantine,0.3,0.0,0,0.0,0.0,0.0,tile_47.3900_8.5685_47.3955_8.5700.png,tile_47.3955_8.5355_47.4010_8.5410.png,7.1
631,byzantine,0.3,0.0,0,15.0,1.0,0.0,tile_47.4065_8.5300_47.4100_8.5355.png,tile_47.4010_8.5465_47.4065_8.5520.png,7.1
632,byzantine,0.3,0.0,0,0.0,0.0,0.0,tile_47.4010_8.5630_47.4065_8.5685.png,tile_47.4065_8.5520_47.4100_8.5575.png,7.0
633,byzantine,0.3,0.0,0,0.0,0.0,0.0,tile_47.3900_8.5575_47.3955_8.5630.png,tile_47.4010_8.5630_47.4065_8.5685.png,7.0
634,byzantine,0.3,0.0,0,-15.0,1.0,0.0,tile_47.3955_8.5685_47.4010_8.5700.png,tile_47.3955_8.5355_47.4010_8.5410.png,7.0
635,byzantine,0.3,0.0,0,-15.0,0.0,0.0,tile_47.3955_8.5355_47.4010_8.5410.png,tile_47.4010_8.5355_47.4065_8.5410.png,7.0
636,byzantine,0.3,0.0,0,0.0,1.0,0.0,tile_47.4065_8.5300_47.4100_8.5355.png,tile_47.3955_8.5575_47.4010_8.5630.png,7.1
637,byzantine,0.3,0.0,0,-15.0,1.0,0.0,tile_47.3955_8.5410_47.4010_8.5465.png,tile_47.4010_8.5300_47.4065_8.5355.png,7.1
638,byzantine,0.3,0.0,0,0.0,0.0,0.0,tile_47.4010_8.5520_47.4065_8.5575.png,tile_47.4065_8.5465_47.4100_8.5520.png,7.0
639,byzantine,0.3,0.0,0,0.0,0.0,0.0,tile_47.3900_8.5300_47.3955_8.5355.png,tile_47.4010_8.5300_47.4065_8.5355.png,7.0
640,byzantine,0.3,0.0,0,-15.0,0.0,0.0,tile_47.4065_8.5685_47.4100_8.5700.png,tile_47.3955_8.5575_47.4010_8.5630.png,7.0
641,byzantine,0.3,0.0,0,15.0,1.0,0.0,tile_47.4065_8.5520_47.4100_8.5575.png,tile_47.3955_8.5685_47.4010_8.5700.png,7.1
642,byzantine,0.3,0.0,0,-15.0,0.0,0.0,tile_47.3955_8.5630_47.4010_8.5685.png,tile_47.3955_8.5355_47.4010_8.5410.png,7.1
643,byzantine,0.3,0.0,0,-15.0,1.0,0.0,tile_47.4010_8.5410_47.4065_8.5465.png,tile_47.3900_8.5575_47.3955_8.5630.png,7.2
644,byzantine,0.3,0.0,0,0.0,1.0,0.0,tile_47.3900_8.5685_47.3955_8.5700.png,tile_47.3955_8.5355_47.4010_8.5410.png,7.1
645,byzantine,0.3,0.0,0,15.0,1.0,0.0,tile_47.4065_8.5520_47.4100_8.5575.png,tile_47.4010_8.5355_47.4065_8.5410.png,7.6
646,byzantine,0.3,0.0,0,-15.0,1.0,0.0,tile_47.3955_8.5685_47.4010_8.5700.png,tile_47.3955_8.5355_47.4010_8.5410.png,7.6
647,byzantine,0.3,0.0,0,-15.0,1.0,0.0,tile_47.4010_8.5630_47.4065_8.5685.png,tile_47.4065_8.5520_47.4100_8.5575.png,7.7
648,byzantine,0.3,0.0,0,-15.0,1.0,0.0,tile_47.3955_8.5685_47.4010_8.5700.png,tile_47.3900_8.5630_47.3955_8.5685.png,7.9
649,byzantine,0.3,0.0,0,15.0,1.0,0.0,tile_47.3955_8.5410_47.4010_8.5465.png,tile_47.4010_8.5520_47.4065_8.5575.png,7.7
650,byzantine,0.3,0.0,0,-15.0,0.0,0.0,tile_47.3900_8.5465_47.3955_8.5520.png,tile_47.4010_8.5465_47.4065_8.5520.png,7.5
651,byzantine,0.3,0.0,0,0.0,1.0,0.0,tile_47.4010_8.5520_47.4065_8.5575.png,tile_47.4010_8.5685_47.4065_8.5700.png,7.1
652,byzantine,0.3,0.0,0,0.0,1.0,0.0,tile_47.3900_8.5630_47.3955_8.5685.png,tile_47.3900_8.5520_47.3955_8.5575.png,7.3
653,byzantine,0.3,0.0,0,0.0,0.0,0.0,tile_47.3955_8.5300_47.4010_8.5355.png,tile_47.4010_8.5685_47.4065_8.5700.png,7.1
654,byzantine,0.3,0.0,0,-15.0,0.0,0.0,tile_47.4010_8.5520_47.4065_8.5575.png,tile_47.4065_8.5465_47.4100_8.5520.png,7.6
655,byzantine,0.3,0.0,0,-15.0,1.0,0.0,tile_47.3955_8.5355_47.4010_8.5410.png,tile_47.4010_8.5465_47.4065_8.5520.png,7.7
656,byzantine,0.3,0.0,0,15.0,1.0,0.0,tile_47.4065_8.5300_47.4100_8.5355.png,tile_47.3955_8.5630_47.4010_8.5685.png,7.1
657,byzantine,0.3,0.0,0,-15.0,0.0,0.0,tile_47.4010_8.5355_47.4065_8.5410.png,tile_47.4010_8.5685_47.4065_8.5700.png,7.1
658,byzantine,0.3,0.0,0,0.0,1.0,0.0,tile_47.4010_8.5520_47.4065_8.5575.png,tile_47.4010_8.5410_47.4065_8.5465.png,7.4
659,byzantine,0.3,0.0,0,-15.0,0.0,0.0,tile_47.4010_8.5630_47.4065_8.5685.png,tile_47.4065_8.5520_47.4100_8.5575.png,7.2
660,byzantine,0.3,0.0,0,-15.0,1.0,0.0,tile_47.4065_8.5465_47.4100_8.5520.png,tile_47.4065_8.5410_47.4100_8.5465.png,7.1
661,byzantine,0.3,0.0,0,-15.0,1.0,0.0,tile_47.4010_8.5520_47.4065_8.5575.png,tile_47.4065_8.5465_47.4100_8.5520.png,7.1
662,byzantine,0.3,0.0,0,0.0,1.0,0.0,tile_47.4065_8.5685_47.4100_8.5700.png,tile_47.4065_8.5355_47.4100_8.5410.png,7.1
663,byzantine,0.3,0.0,0,0.0,0.0,0.0,tile_47.3900_8.5630_47.3955_8.5685.png,tile_47.4010_8.5575_47.4065_8.5630.png,7.1
664,byzantine,0.3,0.0,0,0.0,0.0,0.0,tile_47.3955_8.5410_47.4010_8.5465.png,tile_47.3955_8.5685_47.4010_8.5700.png,7.0
665,byzantine,0.3,0.0,0,0.0,0.0,0.0,tile_47.3955_8.5520_47.4010_8.5575.png,tile_47.4010_8.5685_47.4065_8.5700.png,7.1
666,byzantine,0.3,0.0,0,-15.0,1.0,0.0,tile_47.4010_8.5355_47.4065_8.5410.png,tile_47.3900_8.5410_47.3955_8.5465.png,7.2
667,byzantine,0.3,0.0,0,15.0,1.0,0.0,tile_47.3900_8.5575_47.3955_8.5630.png,tile_47.3955_8.5520_47.4010_8.5575.png,7.2
668,byzantine,0.3,0.0,0,15.0,0.0,0.0,tile_47.4065_8.5355_47.4100_8.5410.png,tile_47.4010_8.5520_47.4065_8.5575.png,7.0
669,byzantine,0.3,0.0,0,0.0,0.0,0.0,tile_47.3900_8.5575_47.3955_8.5630.png,tile_47.4010_8.5685_47.4065_8.5700.png,7.1
670,byzantine,0.3,0.0,0,-15.0,0.0,0.0,tile_47.4065_8.5630_47.4100_8.5685.png,tile_47.3900_8.5410_47.3955_8.5465.png,7.0
671,byzantine,0.3,0.0,0,-15.0,0.0,0.0,tile_47.3900_8.5300_47.3955_8.5355.png,tile_47.3900_8.5355_47.3955_8.5410.png,7.0
672,byzantine,0.3,0.0,0,15.0,1.0,0.0,tile_47.4065_8.5465_47.4100_8.5520.png,tile_47.4010_8.5630_47.4065_8.5685.png,7.1
673,byzantine,0.3,0.0,0,-15.0,1.0,0.0,tile_47.3955_8.5630_47.4010_8.5685.png,tile_47.3955_8.5520_47.4010_8.5575.png,7.2
674,byzantine,0.3,0.0,0,-15.0,0.0,0.0,tile_47.4010_8.5520_47.4065_8.5575.png,tile_47.3955_8.5465_47.4010_8.5520.png,7.5
675,byzantine,0.3,0.0,0,0.0,0.0,0.0,tile_47.3955_8.5300_47.4010_8.5355.png,tile_47.4010_8.5575_47.4065_8.5630.png,7.3
676,byzantine,0.3,0.0,0,15.0,0.0,0.0,tile_47.3900_8.5300_47.3955_8.5355.png,tile_47.4010_8.5520_47.4065_8.5575.png,7.6
677,byzantine,0.3,0.0,0,15.0,0.0,0.0,tile_47.4010_8.5630_47.4065_8.5685.png,tile_47.4065_8.5300_47.4100_8.5355.png,7.1
678,byzantine,0.3,0.0,0,-15.0,0.0,0.0,tile_47.4065_8.5520_47.4100_8.5575.png,tile_47.4065_8.5465_47.4100_8.5520.png,7.3
679,byzantine,0.3,0.0,0,-15.0,0.0,0.0,tile_47.3955_8.5300_47.4010_8.5355.png,tile_47.4065_8.5355_47.4100_8.5410.png,7.9
680,byzantine,0.3,0.0,0,-15.0,1.0,0.0,tile_47.4065_8.5465_47.4100_8.5520.png,tile_47.3955_8.5410_47.4010_8.5465.png,7.9
681,byzantine,0.3,0.0,0,-15.0,0.0,0.0,tile_47.3900_8.5575_47.3955_8.5630.png,tile_47.3955_8.5300_47.4010_8.5355.png,8.2
682,byzantine,0.3,0.0,0,15.0,1.0,0.0,tile_47.4010_8.5465_47.4065_8.5520.png,tile_47.3900_8.5630_47.3955_8.5685.png,9.4
683,byzantine,0.3,0.0,0,15.0,0.0,0.0,tile_47.4010_8.5410_47.4065_8.5465.png,tile_47.4010_8.5575_47.4065_8.5630.png,8.0
684,byzantine,0.3,0.05,1,-15.0,0.0,0.0,tile_47.4065_8.5300_47.4100_8.5355.png,tile_47.3900_8.5465_47.3955_8.5520.png,8.4
685,byzantine,0.3,0.0,0,-15.0,1.0,0.0,tile_47.3900_8.5300_47.3955_8.5355.png,tile_47.3955_8.5520_47.4010_8.5575.png,8.8
686,byzantine,0.3,0.0,0,0.0,0.0,0.0,tile_47.4065_8.5410_47.4100_8.5465.png,tile_47.3955_8.5465_47.4010_8.5520.png,8.5
687,byzantine,0.3,0.0,0,15.0,0.0,0.0,tile_47.3900_8.5520_47.3955_8.5575.png,tile_47.3900_8.5300_47.3955_8.5355.png,8.3
688,byzantine,0.3,0.0,0,15.0,0.0,0.0,tile_47.4010_8.5300_47.4065_8.5355.png,tile_47.3900_8.5630_47.3955_8.5685.png,8.3
689,byzantine,0.3,0.0,0,-15.0,0.0,0.0,tile_47.4010_8.5410_47.4065_8.5465.png,tile_47.4010_8.5575_47.4065_8.5630.png,8.4
690,byzantine,0.3,0.0,0,15.0,1.0,0.0,tile_47.4065_8.5355_47.4100_8.5410.png,tile_47.3900_8.5410_47.3955_8.5465.png,8.8
691,byzantine,0.3,0.0,0,15.0,0.0,0.0,tile_47.3900_8.5575_47.3955_8.5630.png,tile_47.3955_8.5410_47.4010_8.5465.png,8.6
692,byzantine,0.3,0.0,0,-15.0,0.0,0.0,tile_47.4010_8.5520_47.4065_8.5575.png,tile_47.3955_8.5520_47.4010_8.5575.png,8.5
693,byzantine,0.3,0.0,0,15.0,0.0,0.0,tile_47.4065_8.5465_47.4100_8.5520.png,tile_47.4010_8.5685_47.4065_8.5700.png,8.4
694,byzantine,0.3,0.0,0,-15.0,0.0,0.0,tile_47.3900_8.5575_47.3955_8.5630.png,tile_47.4065_8.5630_47.4100_8.5685.png,8.5
695,byzantine,0.3,0.0,0,0.0,0.0,0.0,tile_47.3900_8.5465_47.3955_8.5520.png,tile_47.3955_8.5410_47.4010_8.5465.png,8.7
696,byzantine,0.3,0.0,0,15.0,0.0,0.0,tile_47.3900_8.5300_47.3955_8.5355.png,tile_47.4010_8.5685_47.4065_8.5700.png,7.1
697,byzantine,0.3,0.0,0,-15.0,0.0,0.0,tile_47.4065_8.5685_47.4100_8.5700.png,tile_47.4065_8.5630_47.4100_8.5685.png,7.0
698,byzantine,0.3,0.0,0,0.0,1.0,0.0,tile_47.4010_8.5685_47.4065_8.5700.png,tile_47.3900_8.5520_47.3955_8.5575.png,6.9
699,byzantine,0.3,0.0,0,15.0,1.0,0.0,tile_47.3900_8.5355_47.3955_8.5410.png,tile_47.3955_8.5465_47.4010_8.5520.png,6.9
700,byzantine,0.3,0.0,0,0.0,1.0,0.0,tile_47.4010_8.5300_47.4065_8.5355.png,tile_47.4010_8.5685_47.4065_8.5700.png,6.9
701,byzantine,0.3,0.0,0,15.0,0.0,0.0,tile_47.4065_8.5575_47.4100_8.5630.png,tile_47.4010_8.5300_47.4065_8.5355.png,6.9
702,byzantine,0.3,0.0,0,0.0,0.0,0.0,tile_47.3955_8.5410_47.4010_8.5465.png,tile_47.3955_8.5520_47.4010_8.5575.png,6.9
703,byzantine,0.3,0.0,0,-15.0,1.0,0.0,tile_47.3900_8.5685_47.3955_8.5700.png,tile_47.3955_8.5300_47.4010_8.5355.png,6.9
704,byzantine,0.3,0.0,0,15.0,0.0,0.0,tile_47.3900_8.5300_47.3955_8.5355.png,tile_47.3955_8.5300_47.4010_8.5355.png,7.0
705,byzantine,0.3,0.0,0,-15.0,1.0,0.0,tile_47.4065_8.5300_47.4100_8.5355.png,tile_47.4065_8.5630_47.4100_8.5685.png,7.0
706,byzantine,0.3,0.0,0,-15.0,0.0,0.0,tile_47.4065_8.5410_47.4100_8.5465.png,tile_47.3900_8.5685_47.3955_8.5700.png,6.9
707,byzantine,0.3,0.0,0,0.0,0.0,0.0,tile_47.4010_8.5520_47.4065_8.5575.png,tile_47.3955_8.5300_47.4010_8.5355.png,6.9
708,byzantine,0.3,0.0,0,-15.0,1.0,0.0,tile_47.3900_8.5465_47.3955_8.5520.png,tile_47.3900_8.5630_47.3955_8.5685.png,7.0
709,byzantine,0.3,0.0,0,-15.0,0.0,0.0,tile_47.3900_8.5520_47.3955_8.5575.png,tile_47.4065_8.5575_47.4100_8.5630.png,7.0
710,byzantine,0.3,0.05,1,0.0,1.0,0.0,tile_47.4010_8.5520_47.4065_8.5575.png,tile_47.3900_8.5410_47.3955_8.5465.png,6.9
711,byzantine,0.3,0.0,0,15.0,1.0,0.0,tile_47.4010_8.5685_47.4065_8.5700.png,tile_47.3900_8.5630_47.3955_8.5685.png,7.0
712,byzantine,0.3,0.0,0,0.0,1.0,0.0,tile_47.4065_8.5575_47.4100_8.5630.png,tile_47.3955_8.5465_47.4010_8.5520.png,7.0
713,byzantine,0.3,0.0,0,15.0,1.0,0.0,tile_47.3955_8.5685_47.4010_8.5700.png,tile_47.3900_8.5520_47.3955_8.5575.png,7.0
714,byzantine,0.3,0.0,0,-15.0,1.0,0.0,tile_47.3955_8.5630_47.4010_8.5685.png,tile_47.4010_8.5410_47.4065_8.5465.png,6.9
715,byzantine,0.3,0.0,0,0.0,0.0,0.0,tile_47.3900_8.5300_47.3955_8.5355.png,tile_47.4065_8.5355_47.4100_8.5410.png,6.9
716,byzantine,0.3,0.1,2,15.0,1.0,0.0,tile_47.3900_8.5630_47.3955_8.5685.png,tile_47.3900_8.5685_47.3955_8.5700.png,7.0
717,byzantine,0.3,0.0,0,15.0,0.0,0.0,tile_47.4065_8.5685_47.4100_8.5700.png,tile_47.4065_8.5630_47.4100_8.5685.png,7.0
718,byzantine,0.3,0.0,0,-15.0,0.0,0.0,tile_47.3900_8.5575_47.3955_8.5630.png,tile_47.3900_8.5355_47.3955_8.5410.png,7.0
719,byzantine,0.3,0.0,0,-15.0,1.0,0.0,tile_47.4065_8.5575_47.4100_8.5630.png,tile_47.4010_8.5685_47.4065_8.5700.png,6.9
720,byzantine,0.3,0.05,1,-15.0,0.0,0.0,tile_47.4065_8.5355_47.4100_8.5410.png,tile_47.3900_8.5410_47.3955_8.5465.png,7.0
721,byzantine,0.3,0.0,0,15.0,0.0,0.0,tile_47.3955_8.5300_47.4010_8.5355.png,tile_47.3900_8.5685_47.3955_8.5700.png,6.9
722,byzantine,0.3,0.0,0,0.0,1.0,0.0,tile_47.4065_8.5355_47.4100_8.5410.png,tile_47.4010_8.5630_47.4065_8.5685.png,6.9
723,byzantine,0.3,0.0,0,15.0,1.0,0.0,tile_47.4065_8.5520_47.4100_8.5575.png,tile_47.3955_8.5300_47.4010_8.5355.png,6.9
724,byzantine,0.3,0.0,0,-15.0,0.0,0.0,tile_47.3955_8.5300_47.4010_8.5355.png,tile_47.4065_8.5355_47.4100_8.5410.png,7.0
725,byzantine,0.3,0.0,0,15.0,0.0,0.0,tile_47.3900_8.5630_47.3955_8.5685.png,tile_47.3900_8.5575_47.3955_8.5630.png,6.9
726,byzantine,0.3,0.0,0,0.0,1.0,0.0,tile_47.4065_8.5410_47.4100_8.5465.png,tile_47.3900_8.5465_47.3955_8.5520.png,6.9
727,byzantine,0.3,0.0,0,15.0,1.0,0.0,tile_47.4065_8.5520_47.4100_8.5575.png,tile_47.3955_8.5355_47.4010_8.5410.png,6.9
728,byzantine,0.3,0.0,0,0.0,1.0,0.0,tile_47.3900_8.5575_47.3955_8.5630.png,tile_47.3900_8.5630_47.3955_8.5685.png,7.0
729,byzantine,0.3,0.0,0,15.0,1.0,0.0,tile_47.3955_8.5575_47.4010_8.5630.png,tile_47.4065_8.5465_47.4100_8.5520.png,6.9
730,byzantine,0.3,0.0,0,0.0,0.0,0.0,tile_47.3955_8.5685_47.4010_8.5700.png,tile_47.4065_8.5685_47.4100_8.5700.png,7.0
731,byzantine,0.3,0.0,0,0.0,1.0,0.0,tile_47.4010_8.5465_47.4065_8.5520.png,tile_47.3955_8.5300_47.4010_8.5355.png,7.0
732,byzantine,0.3,0.0,0,-15.0,0.0,0.0,tile_47.4065_8.5520_47.4100_8.5575.png,tile_47.4010_8.5355_47.4065_8.5410.png,7.0
733,byzantine,0.3,0.0,0,15.0,0.0,0.0,tile_47.4065_8.5575_47.4100_8.5630.png,tile_47.3900_8.5465_47.3955_8.5520.png,6.9
734,byzantine,0.3,0.0,0,-15.0,0.0,0.0,tile_47.3900_8.5465_47.3955_8.5520.png,tile_47.4065_8.5465_47.4100_8.5520.png,7.0
735,byzantine,0.3,0.0,0,-15.0,0.0,0.0,tile_47.4065_8.5355_47.4100_8.5410.png,tile_47.3955_8.5465_47.4010_8.5520.png,6.9
736,byzantine,0.3,0.0,0,15.0,0.0,0.0,tile_47.3900_8.5520_47.3955_8.5575.png,tile_47.3900_8.5300_47.3955_8.5355.png,6.9
737,byzantine,0.3,0.0,0,-15.0,0.0,0.0,tile_47.3955_8.5300_47.4010_8.5355.png,tile_47.3900_8.5410_47.3955_8.5465.png,6.9
738,byzantine,0.3,0.0,0,0.0,0.0,0.0,tile_47.4065_8.5575_47.4100_8.5630.png,tile_47.3900_8.5355_47.3955_8.5410.png,7.0
739,byzantine,0.3,0.0,0,-15.0,1.0,0.0,tile_47.4065_8.5685_47.4100_8.5700.png,tile_47.3900_8.5300_47.3955_8.5355.png,7.0
740,byzantine,0.3,0.0,0,0.0,1.0,0.0,tile_47.4010_8.5630_47.4065_8.5685.png,tile_47.3900_8.5630_47.3955_8.5685.png,7.0
741,byzantine,0.3,0.0,0,-15.0,1.0,0.0,tile_47.4065_8.5520_47.4100_8.5575.png,tile_47.4065_8.5575_47.4100_8.5630.png,7.0
742,byzantine,0.3,0.0,0,-15.0,0.0,0.0,tile_47.4010_8.5410_47.4065_8.5465.png,tile_47.3955_8.5685_47.4010_8.5700.png,6.9
743,byzantine,0.3,0.0,0,0.0,1.0,0.0,tile_47.3900_8.5575_47.3955_8.5630.png,tile_47.3955_8.5355_47.4010_8.5410.png,6.9
744,byzantine,0.3,0.0,0,0.0,0.0,0.0,tile_47.3955_8.5520_47.4010_8.5575.png,tile_47.4010_8.5575_47.4065_8.5630.png,7.2
745,byzantine,0.3,0.05,1,15.0,0.0,0.0,tile_47.4065_8.5300_47.4100_8.5355.png,tile_47.4065_8.5410_47.4100_8.5465.png,7.0
746,byzantine,0.3,0.0,0,15.0,1.0,0.0,tile_47.4065_8.5685_47.4100_8.5700.png,tile_47.3955_8.5465_47.4010_8.5520.png,7.0
747,byzantine,0.3,0.0,0,15.0,1.0,0.0,tile_47.4010_8.5355_47.4065_8.5410.png,tile_47.3900_8.5575_47.3955_8.5630.png,7.0
748,byzantine,0.3,0.0,0,-15.0,1.0,0.0,tile_47.3900_8.5355_47.3955_8.5410.png,tile_47.4065_8.5575_47.4100_8.5630.png,7.0
749,byzantine,0.3,0.0,0,0.0,0.0,0.0,tile_47.4010_8.5630_47.4065_8.5685.png,tile_47.4065_8.5355_47.4100_8.5410.png,6.9
750,byzantine,0.3,0.0,0,15.0,0.0,0.0,tile_47.3900_8.5630_47.3955_8.5685.png,tile_47.3955_8.5300_47.4010_8.5355.png,7.0
751,byzantine,0.3,0.0,0,15.0,0.0,0.0,tile_47.3900_8.5465_47.3955_8.5520.png,tile_47.4065_8.5355_47.4100_8.5410.png,6.9
752,byzantine,0.3,0.0,0,-15.0,1.0,0.0,tile_47.3955_8.5465_47.4010_8.5520.png,tile_47.3900_8.5575_47.3955_8.5630.png,7.0
753,byzantine,0.3,0.0,0,-15.0,1.0,0.0,tile_47.3900_8.5355_47.3955_8.5410.png,tile_47.4010_8.5685_47.4065_8.5700.png,7.0
754,byzantine,0.3,0.0,0,15.0,1.0,0.0,tile_47.3955_8.5520_47.4010_8.5575.png,tile_47.4065_8.5465_47.4100_8.5520.png,7.0
755,byzantine,0.3,0.0,0,0.0,1.0,0.0,tile_47.4065_8.5685_47.4100_8.5700.png,tile_47.3900_8.5355_47.3955_8.5410.png,7.1
756,byzantine,0.3,0.0,0,-15.0,0.0,0.0,tile_47.3955_8.5630_47.4010_8.5685.png,tile_47.3900_8.5300_47.3955_8.5355.png,7.0
757,byzantine,0.3,0.0,0,15.0,1.0,0.0,tile_47.4010_8.5575_47.4065_8.5630.png,tile_47.4065_8.5630_47.4100_8.5685.png,7.0
758,byzantine,0.3,0.0,0,15.0,0.0,0.0,tile_47.4010_8.5575_47.4065_8.5630.png,tile_47.4010_8.5685_47.4065_8.5700.png,6.9
759,byzantine,0.3,0.0,0,-15.0,1.0,0.0,tile_47.3900_8.5355_47.3955_8.5410.png,tile_47.3900_8.5575_47.3955_8.5630.png,6.9
760,byzantine,0.3,0.0,0,15.0,0.0,0.0,tile_47.4010_8.5685_47.4065_8.5700.png,tile_47.4065_8.5685_47.4100_8.5700.png,6.9
761,byzantine,0.3,0.0,0,-15.0,1.0,0.0,tile_47.3900_8.5630_47.3955_8.5685.png,tile_47.3955_8.5465_47.4010_8.5520.png,7.0
762,byzantine,0.3,0.0,0,0.0,1.0,0.0,tile_47.3955_8.5410_47.4010_8.5465.png,tile_47.4065_8.5300_47.4100_8.5355.png,6.9
763,byzantine,0.3,0.0,0,0.0,1.0,0.0,tile_47.3955_8.5465_47.4010_8.5520.png,tile_47.4010_8.5685_47.4065_8.5700.png,7.0
764,byzantine,0.3,0.0,0,15.0,1.0,0.0,tile_47.3955_8.5465_47.4010_8.5520.png,tile_47.3955_8.5575_47.4010_8.5630.png,6.9
765,byzantine,0.3,0.0,0,0.0,1.0,0.0,tile_47.3955_8.5465_47.4010_8.5520.png,tile_47.4065_8.5300_47.4100_8.5355.png,6.9
766,byzantine,0.3,0.0,0,-15.0,1.0,0.0,tile_47.3955_8.5465_47.4010_8.5520.png,tile_47.4010_8.5520_47.4065_8.5575.png,7.1
767,byzantine,0.3,0.0,0,0.0,0.0,0.0,tile_47.4065_8.5685_47.4100_8.5700.png,tile_47.3900_8.5520_47.3955_8.5575.png,6.9
768,byzantine,0.3,0.0,0,0.0,0.0,0.0,tile_47.4010_8.5630_47.4065_8.5685.png,tile_47.3955_8.5410_47.4010_8.5465.png,6.9
769,byzantine,0.3,0.0,0,-15.0,0.0,0.0,tile_47.4065_8.5520_47.4100_8.5575.png,tile_47.3900_8.5300_47.3955_8.5355.png,7.0
770,byzantine,0.3,0.0,0,0.0,0.0,0.0,tile_47.3900_8.5520_47.3955_8.5575.png,tile_47.3955_8.5520_47.4010_8.5575.png,6.9
771,byzantine,0.3,0.0,0,0.0,0.0,0.0,tile_47.3900_8.5465_47.3955_8.5520.png,tile_47.3955_8.5575_47.4010_8.5630.png,6.9
772,byzantine,0.3,0.0,0,0.0,1.0,0.0,tile_47.4065_8.5410_47.4100_8.5465.png,tile_47.3955_8.5685_47.4010_8.5700.png,7.0
773,byzantine,0.3,0.0,0,0.0,1.0,0.0,tile_47.3900_8.5630_47.3955_8.5685.png,tile_47.4065_8.5465_47.4100_8.5520.png,7.0
774,byzantine,0.3,0.0,0,0.0,0.0,0.0,tile_47.4065_8.5520_47.4100_8.5575.png,tile_47.3900_8.5410_47.3955_8.5465.png,6.9
775,byzantine,0.3,0.0,0,-15.0,1.0,0.0,tile_47.4010_8.5520_47.4065_8.5575.png,tile_47.3955_8.5300_47.4010_8.5355.png,7.0
776,byzantine,0.3,0.0,0,-15.0,0.0,0.0,tile_47.3955_8.5410_47.4010_8.5465.png,tile_47.4065_8.5575_47.4100_8.5630.png,6.9
777,byzantine,0.3,0.0,0,0.0,0.0,0.0,tile_47.3900_8.5575_47.3955_8.5630.png,tile_47.3955_8.5465_47.4010_8.5520.png,6.9
778,byzantine,0.3,0.0,0,15.0,1.0,0.0,tile_47.4065_8.5465_47.4100_8.5520.png,tile_47.4065_8.5685_47.4100_8.5700.png,6.9
779,byzantine,0.3,0.0,0,15.0,0.0,0.0,tile_47.3955_8.5410_47.4010_8.5465.png,tile_47.3900_8.5355_47.3955_8.5410.png,6.9
780,byzantine,0.3,0.0,0,-15.0,1.0,0.0,tile_47.3955_8.5520_47.4010_8.5575.png,tile_47.3955_8.5630_47.4010_8.5685.png,7.0
781,byzantine,0.3,0.0,0,15.0,1.0,0.0,tile_47.4010_8.5465_47.4065_8.5520.png,tile_47.3900_8.5685_47.3955_8.5700.png,6.9
782,byzantine,0.3,0.0,0,-15.0,0.0,0.0,tile_47.4065_8.5685_47.4100_8.5700.png,tile_47.3900_8.5520_47.3955_8.5575.png,6.9
783,byzantine,0.3,0.0,0,-15.0,1.0,0.0,tile_47.4065_8.5465_47.4100_8.5520.png,tile_47.3900_8.5410_47.3955_8.5465.png,7.0
784,byzantine,0.3,0.0,0,0.0,1.0,0.0,tile_47.3900_8.5630_47.3955_8.5685.png,tile_47.3900_8.5300_47.3955_8.5355.png,7.0
785,byzantine,0.3,0.0,0,-15.0,0.0,0.0,tile_47.3900_8.5575_47.3955_8.5630.png,tile_47.4010_8.5300_47.4065_8.5355.png,6.9
786,byzantine,0.3,0.0,0,-15.0,1.0,0.0,tile_47.4065_8.5630_47.4100_8.5685.png,tile_47.3955_8.5685_47.4010_8.5700.png,7.0
787,byzantine,0.3,0.0,0,15.0,1.0,0.0,tile_47.4065_8.5300_47.4100_8.5355.png,tile_47.3900_8.5575_47.3955_8.5630.png,6.9
788,byzantine,0.3,0.0,0,0.0,1.0,0.0,tile_47.3955_8.5465_47.4010_8.5520.png,tile_47.3955_8.5685_47.4010_8.5700.png,7.0
789,byzantine,0.3,0.0,0,-15.0,1.0,0.0,tile_47.4065_8.5575_47.4100_8.5630.png,tile_47.3955_8.5300_47.4010_8.5355.png,6.9
790,byzantine,0.3,0.0,0,-15.0,1.0,0.0,tile_47.3955_8.5355_47.4010_8.5410.png,tile_47.4065_8.5355_47.4100_8.5410.png,6.9
791,byzantine,0.3,0.0,0,15.0,0.0,0.0,tile_47.4010_8.5630_47.4065_8.5685.png,tile_47.4065_8.5410_47.4100_8.5465.png,6.9
792,byzantine,0.3,0.0,0,15.0,1.0,0.0,tile_47.3900_8.5465_47.3955_8.5520.png,tile_47.4065_8.5465_47.4100_8.5520.png,7.0
793,byzantine,0.3,0.0,0,0.0,1.0,0.0,tile_47.3955_8.5685_47.4010_8.5700.png,tile_47.4010_8.5300_47.4065_8.5355.png,6.9
794,byzantine,0.3,0.0,0,0.0,0.0,0.0,tile_47.3900_8.5410_47.3955_8.5465.png,tile_47.4010_8.5355_47.4065_8.5410.png,6.9
795,byzantine,0.3,0.0,0,15.0,0.0,0.0,tile_47.4065_8.5520_47.4100_8.5575.png,tile_47.3900_8.5575_47.3955_8.5630.png,6.9
796,byzantine,0.3,0.05,1,-15.0,0.0,0.0,tile_47.3955_8.5300_47.4010_8.5355.png,tile_47.3900_8.5355_47.3955_8.5410.png,7.1
797,byzantine,0.3,0.0,0,0.0,0.0,0.0,tile_47.3955_8.5520_47.4010_8.5575.png,tile_47.4065_8.5465_47.4100_8.5520.png,7.0
798,byzantine,0.3,0.0,0,15.0,0.0,0.0,tile_47.4010_8.5520_47.4065_8.5575.png,tile_47.4065_8.5630_47.4100_8.5685.png,7.1
799,byzantine,0.3,0.0,0,15.0,0.0,0.0,tile_47.4065_8.5300_47.4100_8.5355.png,tile_47.4010_8.5355_47.4065_8.5410.png,6.9
800,byzantine,0.3,0.0,0,0.0,1.0,0.0,tile_47.4065_8.5575_47.4100_8.5630.png,tile_47.4065_8.5630_47.4100_8.5685.png,7.0
801,byzantine,0.3,0.0,0,-15.0,1.0,0.0,tile_47.4065_8.5410_47.4100_8.5465.png,tile_47.3900_8.5520_47.3955_8.5575.png,7.0
802,byzantine,0.3,0.0,0,-15.0,0.0,0.0,tile_47.3900_8.5630_47.3955_8.5685.png,tile_47.4065_8.5410_47.4100_8.5465.png,6.9
803,byzantine,0.3,0.0,0,0.0,1.0,0.0,tile_47.4010_8.5300_47.4065_8.5355.png,tile_47.3955_8.5520_47.4010_8.5575.png,7.0
804,byzantine,0.3,0.0,0,15.0,1.0,0.0,tile_47.3900_8.5410_47.3955_8.5465.png,tile_47.3900_8.5630_47.3955_8.5685.png,7.0
805,byzantine,0.3,0.0,0,0.0,1.0,0.0,tile_47.4065_8.5355_47.4100_8.5410.png,tile_47.3900_8.5355_47.3955_8.5410.png,7.0
806,byzantine,0.3,0.0,0,0.0,1.0,0.0,tile_47.3900_8.5465_47.3955_8.5520.png,tile_47.4065_8.5300_47.4100_8.5355.png,6.9
807,byzantine,0.3,0.0,0,0.0,1.0,0.0,tile_47.3900_8.5355_47.3955_8.5410.png,tile_47.3955_8.5465_47.4010_8.5520.png,7.0
808,byzantine,0.3,0.0,0,0.0,1.0,0.0,tile_47.4065_8.5685_47.4100_8.5700.png,tile_47.4065_8.5465_47.4100_8.5520.png,7.1
809,byzantine,0.3,0.0,0,15.0,0.0,0.0,tile_47.3955_8.5300_47.4010_8.5355.png,tile_47.3955_8.5410_47.4010_8.5465.png,6.9
810,byzantine,0.3,0.0,0,15.0,1.0,0.0,tile_47.4010_8.5355_47.4065_8.5410.png,tile_47.4065_8.5300_47.4100_8.5355.png,7.0
811,byzantine,0.3,0.0,0,0.0,0.0,0.0,tile_47.4065_8.5520_47.4100_8.5575.png,tile_47.3900_8.5630_47.3955_8.5685.png,6.9
812,byzantine,0.3,0.05,1,0.0,1.0,0.0,tile_47.3900_8.5465_47.3955_8.5520.png,tile_47.4010_8.5355_47.4065_8.5410.png,7.0
813,byzantine,0.3,0.0,0,-15.0,0.0,0.0,tile_47.4065_8.5355_47.4100_8.5410.png,tile_47.3900_8.5520_47.3955_8.5575.png,6.9
814,byzantine,0.3,0.0,0,15.0,0.0,0.0,tile_47.3955_8.5520_47.4010_8.5575.png,tile_47.4065_8.5575_47.4100_8.5630.png,6.9
815,byzantine,0.3,0.0,0,-15.0,0.0,0.0,tile_47.3900_8.5410_47.3955_8.5465.png,tile_47.3955_8.5685_47.4010_8.5700.png,7.0
816,byzantine,0.3,0.0,0,-15.0,1.0,0.0,tile_47.4010_8.5355_47.4065_8.5410.png,tile_47.3955_8.5465_47.4010_8.5520.png,6.9
817,byzantine,0.3,0.0,0,0.0,1.0,0.0,tile_47.3900_8.5355_47.3955_8.5410.png,tile_47.3955_8.5300_47.4010_8.5355.png,7.0
818,byzantine,0.3,0.0,0,0.0,1.0,0.0,tile_47.3955_8.5465_47.4010_8.5520.png,tile_47.4065_8.5685_47.4100_8.5700.png,7.1
819,byzantine,0.3,0.0,0,0.0,1.0,0.0,tile_47.3955_8.5410_47.4010_8.5465.png,tile_47.4065_8.5465_47.4100_8.5520.png,7.0
820,byzantine,0.3,0.0,0,0.0,0.0,0.0,tile_47.3900_8.5355_47.3955_8.5410.png,tile_47.3955_8.5575_47.4010_8.5630.png,6.9
821,byzantine,0.3,0.0,0,-15.0,0.0,0.0,tile_47.3955_8.5630_47.4010_8.5685.png,tile_47.4010_8.5575_47.4065_8.5630.png,7.0
822,byzantine,0.3,0.0,0,-15.0,0.0,0.0,tile_47.4065_8.5410_47.4100_8.5465.png,tile_47.4010_8.5300_47.4065_8.5355.png,7.0
823,byzantine,0.3,0.0,0,-15.0,0.0,0.0,tile_47.3955_8.5300_47.4010_8.5355.png,tile_47.4010_8.5575_47.4065_8.5630.png,6.9
824,byzantine,0.3,0.0,0,-15.0,0.0,0.0,tile_47.4010_8.5300_47.4065_8.5355.png,tile_47.4010_8.5520_47.4065_8.5575.png,7.0
825,byzantine,0.3,0.0,0,0.0,1.0,0.0,tile_47.4065_8.5300_47.4100_8.5355.png,tile_47.4065_8.5520_47.4100_8.5575.png,7.1
826,byzantine,0.3,0.0,0,0.0,1.0,0.0,tile_47.3955_8.5575_47.4010_8.5630.png,tile_47.3955_8.5685_47.4010_8.5700.png,7.6
827,byzantine,0.3,0.0,0,0.0,1.0,0.0,tile_47.3900_8.5300_47.3955_8.5355.png,tile_47.4010_8.5355_47.4065_8.5410.png,7.7
828,byzantine,0.3,0.0,0,15.0,1.0,0.0,tile_47.4010_8.5465_47.4065_8.5520.png,tile_47.4010_8.5630_47.4065_8.5685.png,7.3
829,byzantine,0.3,0.0,0,-15.0,1.0,0.0,tile_47.4010_8.5575_47.4065_8.5630.png,tile_47.3955_8.5300_47.4010_8.5355.png,7.0
830,byzantine,0.3,0.0,0,15.0,1.0,0.0,tile_47.4010_8.5300_47.4065_8.5355.png,tile_47.4010_8.5575_47.4065_8.5630.png,6.9
831,byzantine,0.3,0.0,0,15.0,1.0,0.0,tile_47.3955_8.5355_47.4010_8.5410.png,tile_47.4010_8.5355_47.4065_8.5410.png,7.0
832,byzantine,0.3,0.0,0,-15.0,0.0,0.0,tile_47.4010_8.5520_47.4065_8.5575.png,tile_47.4010_8.5630_47.4065_8.5685.png,6.9
833,byzantine,0.3,0.0,0,-15.0,0.0,0.0,tile_47.4010_8.5410_47.4065_8.5465.png,tile_47.3955_8.5300_47.4010_8.5355.png,7.0
834,byzantine,0.3,0.0,0,0.0,1.0,0.0,tile_47.3900_8.5410_47.3955_8.5465.png,tile_47.4010_8.5465_47.4065_8.5520.png,7.0
835,byzantine,0.3,0.0,0,15.0,0.0,0.0,tile_47.3955_8.5630_47.4010_8.5685.png,tile_47.4010_8.5630_47.4065_8.5685.png,7.0
836,byzantine,0.3,0.0,0,15.0,1.0,0.0,tile_47.4010_8.5465_47.4065_8.5520.png,tile_47.4065_8.5520_47.4100_8.5575.png,6.9
837,byzantine,0.3,0.0,0,-15.0,0.0,0.0,tile_47.3900_8.5630_47.3955_8.5685.png,tile_47.4010_8.5300_47.4065_8.5355.png,7.0
838,byzantine,0.3,0.0,0,-15.0,1.0,0.0,tile_47.4010_8.5575_47.4065_8.5630.png,tile_47.4010_8.5520_47.4065_8.5575.png,7.2
839,byzantine,0.3,0.0,0,-15.0,0.0,0.0,tile_47.3955_8.5630_47.4010_8.5685.png,tile_47.4065_8.5300_47.4100_8.5355.png,7.3
840,byzantine,0.3,0.0,0,0.0,1.0,0.0,tile_47.4010_8.5685_47.4065_8.5700.png,tile_47.3955_8.5300_47.4010_8.5355.png,7.4
841,byzantine,0.3,0.0,0,15.0,1.0,0.0,tile_47.3900_8.5685_47.3955_8.5700.png,tile_47.4010_8.5300_47.4065_8.5355.png,7.5
842,byzantine,0.3,0.0,0,-15.0,0.0,0.0,tile_47.3955_8.5520_47.4010_8.5575.png,tile_47.4010_8.5355_47.4065_8.5410.png,7.0
843,byzantine,0.3,0.0,0,-15.0,1.0,0.0,tile_47.4065_8.5410_47.4100_8.5465.png,tile_47.3900_8.5355_47.3955_8.5410.png,7.4
844,byzantine,0.3,0.0,0,-15.0,0.0,0.0,tile_47.4010_8.5575_47.4065_8.5630.png,tile_47.3955_8.5575_47.4010_8.5630.png,6.9
845,byzantine,0.3,0.15,3,15.0,1.0,0.0,tile_47.4010_8.5520_47.4065_8.5575.png,tile_47.4065_8.5520_47.4100_8.5575.png,6.9
846,byzantine,0.3,0.0,0,15.0,0.0,0.0,tile_47.4065_8.5685_47.4100_8.5700.png,tile_47.3955_8.5410_47.4010_8.5465.png,7.0
847,byzantine,0.3,0.0,0,15.0,0.0,0.0,tile_47.3900_8.5465_47.3955_8.5520.png,tile_47.3900_8.5300_47.3955_8.5355.png,6.9
848,byzantine,0.3,0.0,0,0.0,1.0,0.0,tile_47.3955_8.5410_47.4010_8.5465.png,tile_47.4010_8.5465_47.4065_8.5520.png,6.9
849,byzantine,0.3,0.0,0,-15.0,1.0,0.0,tile_47.3955_8.5300_47.4010_8.5355.png,tile_47.4010_8.5520_47.4065_8.5575.png,7.0
850,byzantine,0.3,0.0,0,0.0,1.0,0.0,tile_47.4065_8.5465_47.4100_8.5520.png,tile_47.4065_8.5685_47.4100_8.5700.png,7.0
851,byzantine,0.3,0.0,0,0.0,1.0,0.0,tile_47.3900_8.5410_47.3955_8.5465.png,tile_47.4010_8.5410_47.4065_8.5465.png,7.0
852,byzantine,0.3,0.0,0,-15.0,1.0,0.0,tile_47.4010_8.5520_47.4065_8.5575.png,tile_47.4065_8.5355_47.4100_8.5410.png,6.9
853,byzantine,0.3,0.0,0,15.0,0.0,0.0,tile_47.3900_8.5300_47.3955_8.5355.png,tile_47.4010_8.5575_47.4065_8.5630.png,7.0
854,byzantine,0.3,0.0,0,15.0,0.0,0.0,tile_47.4010_8.5630_47.4065_8.5685.png,tile_47.3955_8.5355_47.4010_8.5410.png,7.0
855,byzantine,0.3,0.0,0,-15.0,0.0,0.0,tile_47.4010_8.5465_47.4065_8.5520.png,tile_47.3900_8.5575_47.3955_8.5630.png,6.9
856,byzantine,0.3,0.0,0,-15.0,0.0,0.0,tile_47.4010_8.5410_47.4065_8.5465.png,tile_47.3955_8.5630_47.4010_8.5685.png,6.9
857,byzantine,0.3,0.0,0,15.0,1.0,0.0,tile_47.3955_8.5300_47.4010_8.5355.png,tile_47.3955_8.5465_47.4010_8.5520.png,7.0
858,byzantine,0.3,0.0,0,0.0,1.0,0.0,tile_47.3955_8.5410_47.4010_8.5465.png,tile_47.4065_8.5685_47.4100_8.5700.png,6.9
859,byzantine,0.3,0.0,0,0.0,0.0,0.0,tile_47.3955_8.5630_47.4010_8.5685.png,tile_47.4065_8.5300_47.4100_8.5355.png,6.9
860,byzantine,0.3,0.0,0,-15.0,0.0,0.0,tile_47.3955_8.5410_47.4010_8.5465.png,tile_47.3900_8.5465_47.3955_8.5520.png,6.9
861,byzantine,0.3,0.0,0,0.0,0.0,0.0,tile_47.4010_8.5300_47.4065_8.5355.png,tile_47.4065_8.5355_47.4100_8.5410.png,6.9
862,byzantine,0.3,0.0,0,15.0,0.0,0.0,tile_47.3900_8.5630_47.3955_8.5685.png,tile_47.4010_8.5575_47.4065_8.5630.png,6.9
863,byzantine,0.3,0.0,0,-15.0,0.0,0.0,tile_47.4065_8.5410_47.4100_8.5465.png,tile_47.3955_8.5630_47.4010_8.5685.png,7.0
864,byzantine,0.3,0.15,3,0.0,0.0,0.0,tile_47.4065_8.5630_47.4100_8.5685.png,tile_47.4010_8.5630_47.4065_8.5685.png,7.0
865,byzantine,0.3,0.0,0,-15.0,0.0,0.0,tile_47.4010_8.5465_47.4065_8.5520.png,tile_47.3955_8.5575_47.4010_8.5630.png,6.9
866,byzantine,0.3,0.0,0,15.0,0.0,0.0,tile_47.3955_8.5300_47.4010_8.5355.png,tile_47.3955_8.5630_47.4010_8.5685.png,6.9
867,byzantine,0.3,0.0,0,-15.0,0.0,0.0,tile_47.3900_8.5685_47.3955_8.5700.png,tile_47.4065_8.5410_47.4100_8.5465.png,7.0
868,byzantine,0.3,0.0,0,-15.0,1.0,0.0,tile_47.3955_8.5520_47.4010_8.5575.png,tile_47.4065_8.5355_47.4100_8.5410.png,6.9
869,byzantine,0.3,0.0,0,0.0,0.0,0.0,tile_47.4065_8.5410_47.4100_8.5465.png,tile_47.3955_8.5355_47.4010_8.5410.png,7.2
870,byzantine,0.3,0.0,0,-15.0,0.0,0.0,tile_47.3955_8.5575_47.4010_8.5630.png,tile_47.4010_8.5685_47.4065_8.5700.png,7.4
871,byzantine,0.3,0.0,0,0.0,1.0,0.0,tile_47.3900_8.5300_47.3955_8.5355.png,tile_47.3900_8.5355_47.3955_8.5410.png,6.8
872,byzantine,0.3,0.0,0,15.0,0.0,0.0,tile_47.4065_8.5685_47.4100_8.5700.png,tile_47.3900_8.5520_47.3955_8.5575.png,6.9
873,byzantine,0.3,0.0,0,-15.0,0.0,0.0,tile_47.4010_8.5300_47.4065_8.5355.png,tile_47.4010_8.5575_47.4065_8.5630.png,6.9
874,byzantine,0.3,0.0,0,-15.0,1.0,0.0,tile_47.4010_8.5300_47.4065_8.5355.png,tile_47.3955_8.5630_47.4010_8.5685.png,7.2
875,byzantine,0.3,0.0,0,-15.0,0.0,0.0,tile_47.3900_8.5410_47.3955_8.5465.png,tile_47.4065_8.5520_47.4100_8.5575.png,7.1
876,byzantine,0.3,0.0,0,0.0,1.0,0.0,tile_47.4065_8.5465_47.4100_8.5520.png,tile_47.4010_8.5685_47.4065_8.5700.png,6.9
877,byzantine,0.3,0.0,0,-15.0,0.0,0.0,tile_47.3900_8.5300_47.3955_8.5355.png,tile_47.4065_8.5520_47.4100_8.5575.png,7.0
878,byzantine,0.3,0.0,0,-15.0,0.0,0.0,tile_47.4010_8.5630_47.4065_8.5685.png,tile_47.4065_8.5575_47.4100_8.5630.png,7.0
879,byzantine,0.3,0.0,0,0.0,1.0,0.0,tile_47.4010_8.5685_47.4065_8.5700.png,tile_47.4065_8.5465_47.4100_8.5520.png,7.0
880,byzantine,0.3,0.0,0,0.0,0.0,0.0,tile_47.4065_8.5355_47.4100_8.5410.png,tile_47.3955_8.5520_47.4010_8.5575.png,6.9
881,byzantine,0.3,0.0,0,0.0,1.0,0.0,tile_47.4065_8.5630_47.4100_8.5685.png,tile_47.4065_8.5355_47.4100_8.5410.png,6.9
882,byzantine,0.3,0.0,0,0.0,0.0,0.0,tile_47.3955_8.5300_47.4010_8.5355.png,tile_47.4010_8.5685_47.4065_8.5700.png,6.9
883,byzantine,0.3,0.0,0,15.0,0.0,0.0,tile_47.3900_8.5630_47.3955_8.5685.png,tile_47.3955_8.5630_47.4010_8.5685.png,7.0
884,byzantine,0.3,0.0,0,15.0,1.0,0.0,tile_47.3955_8.5465_47.4010_8.5520.png,tile_47.4010_8.5520_47.4065_8.5575.png,6.9
885,byzantine,0.3,0.0,0,0.0,1.0,0.0,tile_47.3955_8.5300_47.4010_8.5355.png,tile_47.4010_8.5300_47.4065_8.5355.png,6.9
886,byzantine,0.3,0.0,0,0.0,0.0,0.0,tile_47.4065_8.5520_47.4100_8.5575.png,tile_47.3900_8.5355_47.3955_8.5410.png,6.9
887,byzantine,0.3,0.0,0,-15.0,1.0,0.0,tile_47.3900_8.5300_47.3955_8.5355.png,tile_47.4010_8.5685_47.4065_8.5700.png,6.9
888,byzantine,0.3,0.0,0,15.0,0.0,0.0,tile_47.3900_8.5630_47.3955_8.5685.png,tile_47.3955_8.5630_47.4010_8.5685.png,7.0
889,byzantine,0.3,0.0,0,15.0,0.0,0.0,tile_47.4010_8.5630_47.4065_8.5685.png,tile_47.4010_8.5575_47.4065_8.5630.png,6.9
890,byzantine,0.3,0.0,0,15.0,1.0,0.0,tile_47.3900_8.5465_47.3955_8.5520.png,tile_47.3900_8.5300_47.3955_8.5355.png,7.0
891,byzantine,0.3,0.0,0,15.0,0.0,0.0,tile_47.4065_8.5685_47.4100_8.5700.png,tile_47.4065_8.5465_47.4100_8.5520.png,6.9
892,byzantine,0.3,0.0,0,-15.0,0.0,0.0,tile_47.4010_8.5520_47.4065_8.5575.png,tile_47.3900_8.5685_47.3955_8.5700.png,7.0
893,byzantine,0.3,0.0,0,0.0,1.0,0.0,tile_47.3955_8.5630_47.4010_8.5685.png,tile_47.4010_8.5410_47.4065_8.5465.png,6.9
894,byzantine,0.3,0.0,0,15.0,1.0,0.0,tile_47.3955_8.5685_47.4010_8.5700.png,tile_47.3900_8.5410_47.3955_8.5465.png,6.9
895,byzantine,0.3,0.0,0,0.0,1.0,0.0,tile_47.3900_8.5575_47.3955_8.5630.png,tile_47.4065_8.5520_47.4100_8.5575.png,6.9
896,byzantine,0.3,0.0,0,0.0,1.0,0.0,tile_47.3900_8.5685_47.3955_8.5700.png,tile_47.4010_8.5300_47.4065_8.5355.png,6.9
897,byzantine,0.3,0.0,0,15.0,0.0,0.0,tile_47.4065_8.5355_47.4100_8.5410.png,tile_47.3955_8.5575_47.4010_8.5630.png,7.0
898,byzantine,0.3,0.0,0,-15.0,0.0,0.0,tile_47.4010_8.5465_47.4065_8.5520.png,tile_47.4065_8.5575_47.4100_8.5630.png,6.9
899,byzantine,0.3,0.0,0,15.0,0.0,0.0,tile_47.4010_8.5575_47.4065_8.5630.png,tile_47.3955_8.5465_47.4010_8.5520.png,7.3
900,byzantine,0.3,0.0,0,-15.0,0.0,0.0,tile_47.4010_8.5575_47.4065_8.5630.png,tile_47.4010_8.5355_47.4065_8.5410.png,7.5
901,byzantine,0.3,0.0,0,15.0,1.0,0.0,tile_47.4065_8.5520_47.4100_8.5575.png,tile_47.3900_8.5465_47.3955_8.5520.png,7.5
902,byzantine,0.3,0.0,0,-15.0,0.0,0.0,tile_47.4010_8.5575_47.4065_8.5630.png,tile_47.3955_8.5465_47.4010_8.5520.png,7.4
903,byzantine,0.3,0.0,0,15.0,1.0,0.0,tile_47.3900_8.5630_47.3955_8.5685.png,tile_47.3900_8.5355_47.3955_8.5410.png,7.2
904,byzantine,0.3,0.0,0,-15.0,1.0,0.0,tile_47.4065_8.5410_47.4100_8.5465.png,tile_47.3900_8.5465_47.3955_8.5520.png,7.2
905,byzantine,0.3,0.0,0,0.0,0.0,0.0,tile_47.3900_8.5685_47.3955_8.5700.png,tile_47.4065_8.5630_47.4100_8.5685.png,7.2
906,byzantine,0.3,0.0,0,0.0,0.0,0.0,tile_47.3955_8.5520_47.4010_8.5575.png,tile_47.4010_8.5685_47.4065_8.5700.png,7.3
907,byzantine,0.3,0.0,0,0.0,0.0,0.0,tile_47.3900_8.5410_47.3955_8.5465.png,tile_47.4065_8.5630_47.4100_8.5685.png,7.0
908,byzantine,0.3,0.2,4,15.0,0.0,0.0,tile_47.4065_8.5575_47.4100_8.5630.png,tile_47.4010_8.5575_47.4065_8.5630.png,7.4
909,byzantine,0.3,0.0,0,15.0,0.0,0.0,tile_47.3900_8.5300_47.3955_8.5355.png,tile_47.4010_8.5355_47.4065_8.5410.png,7.3
910,byzantine,0.3,0.0,0,15.0,0.0,0.0,tile_47.4065_8.5630_47.4100_8.5685.png,tile_47.4065_8.5575_47.4100_8.5630.png,7.1
911,byzantine,0.3,0.0,0,15.0,0.0,0.0,tile_47.3955_8.5300_47.4010_8.5355.png,tile_47.3900_8.5465_47.3955_8.5520.png,7.0
912,byzantine,0.3,0.0,0,0.0,1.0,0.0,tile_47.4065_8.5410_47.4100_8.5465.png,tile_47.4010_8.5465_47.4065_8.5520.png,7.1
913,byzantine,0.3,0.0,0,15.0,0.0,0.0,tile_47.4065_8.5355_47.4100_8.5410.png,tile_47.4065_8.5685_47.4100_8.5700.png,7.3
914,byzantine,0.3,0.0,0,0.0,1.0,0.0,tile_47.3955_8.5300_47.4010_8.5355.png,tile_47.3900_8.5520_47.3955_8.5575.png,7.2
915,byzantine,0.3,0.0,0,0.0,1.0,0.0,tile_47.3955_8.5575_47.4010_8.5630.png,tile_47.3900_8.5630_47.3955_8.5685.png,7.3
916,byzantine,0.3,0.0,0,-15.0,1.0,0.0,tile_47.3955_8.5300_47.4010_8.5355.png,tile_47.4010_8.5685_47.4065_8.5700.png,7.1
917,byzantine,0.3,0.0,0,15.0,0.0,0.0,tile_47.3900_8.5685_47.3955_8.5700.png,tile_47.4065_8.5355_47.4100_8.5410.png,7.2
918,byzantine,0.3,0.0,0,0.0,1.0,0.0,tile_47.4010_8.5410_47.4065_8.5465.png,tile_47.4065_8.5575_47.4100_8.5630.png,7.4
919,byzantine,0.3,0.0,0,0.0,0.0,0.0,tile_47.3900_8.5355_47.3955_8.5410.png,tile_47.3955_8.5575_47.4010_8.5630.png,7.1
920,byzantine,0.3,0.0,0,-15.0,0.0,0.0,tile_47.3955_8.5520_47.4010_8.5575.png,tile_47.3955_8.5300_47.4010_8.5355.png,7.0
921,byzantine,0.3,0.05,1,-15.0,1.0,0.0,tile_47.3955_8.5355_47.4010_8.5410.png,tile_47.4065_8.5465_47.4100_8.5520.png,7.2
922,byzantine,0.3,0.0,0,-15.0,1.0,0.0,tile_47.3900_8.5410_47.3955_8.5465.png,tile_47.3955_8.5520_47.4010_8.5575.png,7.0
923,byzantine,0.3,0.0,0,0.0,0.0,0.0,tile_47.4065_8.5300_47.4100_8.5355.png,tile_47.3900_8.5685_47.3955_8.5700.png,7.0
924,byzantine,0.3,0.0,0,15.0,1.0,0.0,tile_47.4065_8.5300_47.4100_8.5355.png,tile_47.3955_8.5520_47.4010_8.5575.png,7.0
925,byzantine,0.3,0.0,0,0.0,1.0,0.0,tile_47.3900_8.5300_47.3955_8.5355.png,tile_47.4065_8.5300_47.4100_8.5355.png,7.1
926,byzantine,0.3,0.0,0,0.0,0.0,0.0,tile_47.3955_8.5630_47.4010_8.5685.png,tile_47.4065_8.5630_47.4100_8.5685.png,7.0
927,byzantine,0.3,0.0,0,15.0,1.0,0.0,tile_47.3955_8.5520_47.4010_8.5575.png,tile_47.3955_8.5355_47.4010_8.5410.png,7.0
928,byzantine,0.3,0.0,0,0.0,0.0,0.0,tile_47.3955_8.5465_47.4010_8.5520.png,tile_47.4065_8.5685_47.4100_8.5700.png,6.9
929,byzantine,0.3,0.0,0,-15.0,0.0,0.0,tile_47.3900_8.5410_47.3955_8.5465.png,tile_47.3955_8.5630_47.4010_8.5685.png,7.0
930,byzantine,0.3,0.0,0,0.0,1.0,0.0,tile_47.3955_8.5410_47.4010_8.5465.png,tile_47.4010_8.5465_47.4065_8.5520.png,6.9
931,byzantine,0.3,0.0,0,0.0,0.0,0.0,tile_47.4065_8.5575_47.4100_8.5630.png,tile_47.4010_8.5630_47.4065_8.5685.png,7.0
932,byzantine,0.3,0.0,0,-15.0,0.0,0.0,tile_47.4010_8.5520_47.4065_8.5575.png,tile_47.4010_8.5465_47.4065_8.5520.png,7.0
933,byzantine,0.3,0.0,0,-15.0,1.0,0.0,tile_47.4010_8.5630_47.4065_8.5685.png,tile_47.3900_8.5410_47.3955_8.5465.png,6.9
934,byzantine,0.3,0.0,0,15.0,1.0,0.0,tile_47.3955_8.5465_47.4010_8.5520.png,tile_47.4010_8.5355_47.4065_8.5410.png,7.0
935,byzantine,0.3,0.05,1,-15.0,0.0,0.0,tile_47.4065_8.5355_47.4100_8.5410.png,tile_47.3900_8.5410_47.3955_8.5465.png,7.0
936,byzantine,0.3,0.0,0,0.0,0.0,0.0,tile_47.4010_8.5575_47.4065_8.5630.png,tile_47.3955_8.5410_47.4010_8.5465.png,7.0
937,byzantine,0.3,0.0,0,0.0,1.0,0.0,tile_47.4065_8.5630_47.4100_8.5685.png,tile_47.4010_8.5355_47.4065_8.5410.png,7.0
938,byzantine,0.3,0.0,0,15.0,0.0,0.0,tile_47.4010_8.5630_47.4065_8.5685.png,tile_47.3955_8.5630_47.4010_8.5685.png,6.9
939,byzantine,0.3,0.0,0,-15.0,0.0,0.0,tile_47.4010_8.5520_47.4065_8.5575.png,tile_47.3955_8.5520_47.4010_8.5575.png,7.0
940,byzantine,0.3,0.0,0,-15.0,1.0,0.0,tile_47.4010_8.5410_47.4065_8.5465.png,tile_47.3900_8.5300_47.3955_8.5355.png,7.1
941,byzantine,0.3,0.0,0,15.0,1.0,0.0,tile_47.4065_8.5685_47.4100_8.5700.png,tile_47.3900_8.5355_47.3955_8.5410.png,7.2
942,byzantine,0.3,0.0,0,0.0,0.0,0.0,tile_47.3900_8.5575_47.3955_8.5630.png,tile_47.4065_8.5685_47.4100_8.5700.png,6.9
943,byzantine,0.3,0.0,0,-15.0,0.0,0.0,tile_47.3900_8.5520_47.3955_8.5575.png,tile_47.3900_8.5685_47.3955_8.5700.png,6.9
944,byzantine,0.3,0.3,6,15.0,0.0,0.0,tile_47.3900_8.5630_47.3955_8.5685.png,tile_47.3900_8.5685_47.3955_8.5700.png,7.0
945,byzantine,0.3,0.0,0,15.0,1.0,0.0,tile_47.3955_8.5355_47.4010_8.5410.png,tile_47.3900_8.5300_47.3955_8.5355.png,7.0
946,byzantine,0.3,0.0,0,0.0,1.0,0.0,tile_47.3900_8.5575_47.3955_8.5630.png,tile_47.3900_8.5410_47.3955_8.5465.png,6.9
947,byzantine,0.3,0.0,0,-15.0,0.0,0.0,tile_47.3900_8.5520_47.3955_8.5575.png,tile_47.4010_8.5465_47.4065_8.5520.png,7.0
948,byzantine,0.3,0.0,0,-15.0,1.0,0.0,tile_47.4065_8.5300_47.4100_8.5355.png,tile_47.3955_8.5630_47.4010_8.5685.png,6.9
949,byzantine,0.3,0.05,1,15.0,1.0,0.0,tile_47.4010_8.5520_47.4065_8.5575.png,tile_47.3900_8.5300_47.3955_8.5355.png,7.0
950,byzantine,0.3,0.0,0,0.0,0.0,0.0,tile_47.3900_8.5520_47.3955_8.5575.png,tile_47.4065_8.5355_47.4100_8.5410.png,6.9
951,byzantine,0.3,0.15,3,15.0,0.0,0.0,tile_47.4010_8.5630_47.4065_8.5685.png,tile_47.4065_8.5630_47.4100_8.5685.png,6.9
952,byzantine,0.3,0.0,0,15.0,0.0,0.0,tile_47.4010_8.5465_47.4065_8.5520.png,tile_47.4010_8.5520_47.4065_8.5575.png,6.9
953,byzantine,0.3,0.0,0,-15.0,1.0,0.0,tile_47.4065_8.5300_47.4100_8.5355.png,tile_47.3955_8.5520_47.4010_8.5575.png,6.9
954,byzantine,0.3,0.0,0,15.0,0.0,0.0,tile_47.3955_8.5410_47.4010_8.5465.png,tile_47.4010_8.5410_47.4065_8.5465.png,7.0
955,byzantine,0.3,0.0,0,-15.0,0.0,0.0,tile_47.4010_8.5410_47.4065_8.5465.png,tile_47.4065_8.5685_47.4100_8.5700.png,6.9
956,byzantine,0.3,0.0,0,15.0,0.0,0.0,tile_47.4010_8.5685_47.4065_8.5700.png,tile_47.4065_8.5685_47.4100_8.5700.png,7.0
957,byzantine,0.3,0.05,1,-15.0,0.0,0.0,tile_47.3900_8.5410_47.3955_8.5465.png,tile_47.3900_8.5300_47.3955_8.5355.png,7.2
958,byzantine,0.3,0.0,0,15.0,1.0,0.0,tile_47.4010_8.5465_47.4065_8.5520.png,tile_47.3900_8.5630_47.3955_8.5685.png,6.9
959,byzantine,0.3,0.0,0,15.0,1.0,0.0,tile_47.4065_8.5410_47.4100_8.5465.png,tile_47.4065_8.5575_47.4100_8.5630.png,7.0
960,byzantine,0.3,0.0,0,15.0,0.0,0.0,tile_47.3955_8.5465_47.4010_8.5520.png,tile_47.3900_8.5685_47.3955_8.5700.png,7.0
961,byzantine,0.3,0.0,0,15.0,1.0,0.0,tile_47.3900_8.5685_47.3955_8.5700.png,tile_47.3900_8.5575_47.3955_8.5630.png,7.0
962,byzantine,0.3,0.0,0,15.0,0.0,0.0,tile_47.3900_8.5520_47.3955_8.5575.png,tile_47.3955_8.5410_47.4010_8.5465.png,7.0
963,byzantine,0.3,0.3,6,15.0,0.0,0.0,tile_47.3900_8.5630_47.3955_8.5685.png,tile_47.3900_8.5685_47.3955_8.5700.png,7.0
964,byzantine,0.3,0.0,0,15.0,1.0,0.0,tile_47.4010_8.5630_47.4065_8.5685.png,tile_47.3900_8.5520_47.3955_8.5575.png,6.9
965,byzantine,0.3,0.0,0,15.0,0.0,0.0,tile_47.4010_8.5410_47.4065_8.5465.png,tile_47.4010_8.5520_47.4065_8.5575.png,7.0
966,byzantine,0.3,0.0,0,-15.0,0.0,0.0,tile_47.4065_8.5685_47.4100_8.5700.png,tile_47.3955_8.5630_47.4010_8.5685.png,7.0
967,byzantine,0.3,0.0,0,0.0,1.0,0.0,tile_47.4010_8.5685_47.4065_8.5700.png,tile_47.4065_8.5410_47.4100_8.5465.png,6.9
968,byzantine,0.3,0.0,0,0.0,1.0,0.0,tile_47.3900_8.5300_47.3955_8.5355.png,tile_47.3955_8.5465_47.4010_8.5520.png,7.0
969,byzantine,0.3,0.0,0,-15.0,0.0,0.0,tile_47.4010_8.5355_47.4065_8.5410.png,tile_47.4065_8.5465_47.4100_8.5520.png,6.9
970,byzantine,0.3,0.0,0,0.0,0.0,0.0,tile_47.4065_8.5630_47.4100_8.5685.png,tile_47.3955_8.5630_47.4010_8.5685.png,6.9
971,byzantine,0.3,0.0,0,0.0,1.0,0.0,tile_47.4065_8.5685_47.4100_8.5700.png,tile_47.4010_8.5355_47.4065_8.5410.png,7.0
972,byzantine,0.3,0.0,0,-15.0,0.0,0.0,tile_47.4010_8.5355_47.4065_8.5410.png,tile_47.4065_8.5520_47.4100_8.5575.png,6.9
973,byzantine,0.3,0.0,0,-15.0,0.0,0.0,tile_47.3900_8.5520_47.3955_8.5575.png,tile_47.4065_8.5300_47.4100_8.5355.png,7.0
974,byzantine,0.3,0.0,0,-15.0,0.0,0.0,tile_47.4065_8.5355_47.4100_8.5410.png,tile_47.4065_8.5300_47.4100_8.5355.png,7.0
975,byzantine,0.3,0.0,0,15.0,0.0,0.0,tile_47.4010_8.5300_47.4065_8.5355.png,tile_47.4010_8.5410_47.4065_8.5465.png,7.0
976,byzantine,0.3,0.0,0,15.0,1.0,0.0,tile_47.4010_8.5685_47.4065_8.5700.png,tile_47.3955_8.5520_47.4010_8.5575.png,7.0
977,byzantine,0.3,0.0,0,-15.0,1.0,0.0,tile_47.4065_8.5575_47.4100_8.5630.png,tile_47.4010_8.5300_47.4065_8.5355.png,6.9
978,byzantine,0.3,0.0,0,15.0,0.0,0.0,tile_47.4010_8.5685_47.4065_8.5700.png,tile_47.4010_8.5300_47.4065_8.5355.png,6.9
979,byzantine,0.3,0.0,0,-15.0,0.0,0.0,tile_47.3955_8.5300_47.4010_8.5355.png,tile_47.3955_8.5685_47.4010_8.5700.png,6.9
980,byzantine,0.3,0.0,0,-15.0,0.0,0.0,tile_47.4065_8.5630_47.4100_8.5685.png,tile_47.4065_8.5685_47.4100_8.5700.png,6.9
981,byzantine,0.3,0.0,0,0.0,0.0,0.0,tile_47.4065_8.5685_47.4100_8.5700.png,tile_47.3900_8.5685_47.3955_8.5700.png,6.9
982,byzantine,0.3,0.0,0,-15.0,1.0,0.0,tile_47.3955_8.5630_47.4010_8.5685.png,tile_47.3900_8.5355_47.3955_8.5410.png,6.9
983,byzantine,0.3,0.0,0,15.0,0.0,0.0,tile_47.4065_8.5300_47.4100_8.5355.png,tile_47.3955_8.5685_47.4010_8.5700.png,6.9
984,byzantine,0.3,0.0,0,0.0,0.0,0.0,tile_47.4010_8.5520_47.4065_8.5575.png,tile_47.3900_8.5465_47.3955_8.5520.png,6.9
985,byzantine,0.3,0.0,0,15.0,1.0,0.0,tile_47.3955_8.5465_47.4010_8.5520.png,tile_47.3955_8.5575_47.4010_8.5630.png,6.9
986,byzantine,0.3,0.0,0,15.0,1.0,0.0,tile_47.3900_8.5520_47.3955_8.5575.png,tile_47.4010_8.5355_47.4065_8.5410.png,6.9
987,byzantine,0.3,0.0,0,0.0,1.0,0.0,tile_47.4065_8.5355_47.4100_8.5410.png,tile_47.3955_8.5465_47.4010_8.5520.png,6.9
988,byzantine,0.3,0.0,0,0.0,1.0,0.0,tile_47.3900_8.5300_47.3955_8.5355.png,tile_47.4010_8.5355_47.4065_8.5410.png,7.1
989,byzantine,0.3,0.0,0,-15.0,1.0,0.0,tile_47.3955_8.5630_47.4010_8.5685.png,tile_47.3900_8.5410_47.3955_8.5465.png,7.0
990,byzantine,0.3,0.0,0,15.0,1.0,0.0,tile_47.3955_8.5355_47.4010_8.5410.png,tile_47.3900_8.5575_47.3955_8.5630.png,6.9
991,byzantine,0.3,0.0,0,-15.0,1.0,0.0,tile_47.3955_8.5630_47.4010_8.5685.png,tile_47.3955_8.5575_47.4010_8.5630.png,7.0
992,byzantine,0.3,0.0,0,0.0,0.0,0.0,tile_47.4065_8.5630_47.4100_8.5685.png,tile_47.3955_8.5685_47.4010_8.5700.png,6.9
993,byzantine,0.3,0.0,0,-15.0,0.0,0.0,tile_47.3900_8.5355_47.3955_8.5410.png,tile_47.3955_8.5300_47.4010_8.5355.png,6.9
994,byzantine,0.3,0.0,0,-15.0,0.0,0.0,tile_47.3955_8.5300_47.4010_8.5355.png,tile_47.4010_8.5575_47.4065_8.5630.png,7.0
995,byzantine,0.3,0.0,0,15.0,0.0,0.0,tile_47.3900_8.5465_47.3955_8.5520.png,tile_47.3900_8.5630_47.3955_8.5685.png,6.9
996,byzantine,0.3,0.0,0,0.0,0.0,0.0,tile_47.3900_8.5355_47.3955_8.5410.png,tile_47.4065_8.5575_47.4100_8.5630.png,6.9
997,byzantine,0.3,0.05,1,15.0,1.0,0.0,tile_47.3955_8.5575_47.4010_8.5630.png,tile_47.3955_8.5685_47.4010_8.5700.png,6.9
998,byzantine,0.3,0.0,0,15.0,1.0,0.0,tile_47.3955_8.5410_47.4010_8.5465.png,tile_47.3900_8.5685_47.3955_8.5700.png,6.9
999,byzantine,0.3,0.0,0,0.0,0.0,0.0,tile_47.4010_8.5300_47.4065_8.5355.png,tile_47.3900_8.5575_47.3955_8.5630.png,6.9
