tile_id,lat,lon,target_date,actual_date,scene_id,cloud_cover_pct,download_path
urban_zurich,47.3769,8.5417,2024-03-15,2024-03-14,S2A_MSIL2A_20240314T102811_R108_T32TMT_20240314T181208,33.199519,phase9-acquisition/urban_zurich/dt_20240314.png
urban_zurich,47.3769,8.5417,2024-06-15,2024-06-19,S2A_MSIL2A_20240619T102031_R065_T32TMT_20240619T221106,1.504939,phase9-acquisition/urban_zurich/dt_20240619.png
urban_zurich,47.3769,8.5417,2024-09-15,2024-09-20,S2A_MSIL2A_20240920T102721_R108_T32TMT_20240920T145352,1.146031,phase9-acquisition/urban_zurich/dt_20240920.png
urban_zurich,47.3769,8.5417,2024-12-15,2024-12-16,S2A_MSIL2A_20241216T102431_R065_T32TMT_20241216T145050,0.076036,phase9-acquisition/urban_zurich/dt_20241216.png
urban_zurich,47.3769,8.5417,2025-03-15,2025-03-18,S2A_MSIL2A_20250318T101751_R065_T32TMT_20250318T160400,3.675233,phase9-acquisition/urban_zurich/dt_20250318.png
urban_zurich,47.3769,8.5417,2025-09-15,2025-09-15,S2C_MSIL2A_20250915T103041_R108_T32TMT_20250915T174614,17.466322,phase9-acquisition/urban_zurich/dt_20250915.png
urban_munich,48.1351,11.582,2024-03-15,2024-03-11,S2A_MSIL2A_20240311T101831_R065_T32UPU_20240313T121704,30.366552,phase9-acquisition/urban_munich/dt_20240311.png
urban_munich,48.1351,11.582,2024-06-15,2024-06-16,S2A_MSIL2A_20240616T100601_R022_T32UPU_20240616T170625,41.62249,phase9-acquisition/urban_munich/dt_20240616.png
urban_munich,48.1351,11.582,2024-09-15,2024-09-07,S2A_MSIL2A_20240907T102021_R065_T32UPU_20240907T143052,0.116801,phase9-acquisition/urban_munich/dt_20240907.png
urban_munich,48.1351,11.582,2024-12-15,2024-12-16,S2A_MSIL2A_20241216T102431_R065_T32UPU_20241216T121152,49.552497,phase9-acquisition/urban_munich/dt_20241216.png
urban_munich,48.1351,11.582,2025-03-15,2025-03-18,S2A_MSIL2A_20250318T101751_R065_T32UPU_20250318T160400,0.206496,phase9-acquisition/urban_munich/dt_20250318.png
urban_munich,48.1351,11.582,2025-09-15,2025-09-19,S2C_MSIL2A_20250919T101041_R022_T32UPU_20250919T155120,0.009705,phase9-acquisition/urban_munich/dt_20250919.png
agric_padua,45.4064,11.8768,2024-03-15,2024-03-13,S2B_MSIL2A_20240313T100709_R022_T32TQR_20240313T144537,17.837292,phase9-acquisition/agric_padua/dt_20240313.png
agric_padua,45.4064,11.8768,2024-06-15,2024-06-16,S2A_MSIL2A_20240616T100601_R022_T32TQR_20240616T171816,37.995279,phase9-acquisition/agric_padua/dt_20240616.png
agric_padua,45.4064,11.8768,2024-09-15,2024-09-09,S2B_MSIL2A_20240909T100559_R022_T32TQR_20240909T134240,33.693525,phase9-acquisition/agric_padua/dt_20240909.png
agric_padua,45.4064,11.8768,2024-12-15,2024-12-13,S2A_MSIL2A_20241213T101431_R022_T32TQR_20241213T120749,8.483966,phase9-acquisition/agric_padua/dt_20241213.png
agric_padua,45.4064,11.8768,2025-03-15,2025-03-18,S2B_MSIL2A_20250318T100639_R022_T32TQR_20250318T141314,48.18832,phase9-acquisition/agric_padua/dt_20250318.png
agric_padua,45.4064,11.8768,2025-09-15,2025-09-14,S2B_MSIL2A_20250914T100549_R022_T32TQR_20250914T125020,50.936472,phase9-acquisition/agric_padua/dt_20250914.png
agric_lyon_rural,45.7,4.5,2024-03-15,2024-03-22,S2B_MSIL2A_20240322T103639_R008_T31TFL_20240322T153252,6.360324,phase9-acquisition/agric_lyon_rural/dt_20240322.png
agric_lyon_rural,45.7,4.5,2024-06-15,2024-06-10,S2B_MSIL2A_20240610T103629_R008_T31TFL_20240610T151536,49.068007,phase9-acquisition/agric_lyon_rural/dt_20240610.png
agric_lyon_rural,45.7,4.5,2024-09-15,2024-09-23,S2A_MSIL2A_20240923T103751_R008_T31TFL_20240923T152547,54.357874,phase9-acquisition/agric_lyon_rural/dt_20240923.png
agric_lyon_rural,45.7,4.5,2024-12-15,2024-12-12,S2A_MSIL2A_20241212T104441_R008_T31TFL_20241212T150047,53.165895,phase9-acquisition/agric_lyon_rural/dt_20241212.png
agric_lyon_rural,45.7,4.5,2025-03-15,2025-03-07,S2B_MSIL2A_20250307T103809_R008_T31TFL_20250307T133223,10.792148,phase9-acquisition/agric_lyon_rural/dt_20250307.png
agric_lyon_rural,45.7,4.5,2025-09-15,2025-09-18,S2C_MSIL2A_20250918T104031_R008_T31TFL_20250918T161413,0.01067,phase9-acquisition/agric_lyon_rural/dt_20250918.png
forest_blackforest,47.9,8.25,2024-03-15,2024-03-14,S2A_MSIL2A_20240314T102811_R108_T32UMU_20240314T181207,36.700934,phase9-acquisition/forest_blackforest/dt_20240314.png
forest_blackforest,47.9,8.25,2024-06-15,2024-06-19,S2A_MSIL2A_20240619T102031_R065_T32UMU_20240619T220758,22.561046,phase9-acquisition/forest_blackforest/dt_20240619.png
forest_blackforest,47.9,8.25,2024-09-15,2024-09-12,S2B_MSIL2A_20240912T102019_R065_T32UMU_20240912T175037,55.851078,phase9-acquisition/forest_blackforest/dt_20240912.png
forest_blackforest,47.9,8.25,2024-12-15,2024-12-16,S2A_MSIL2A_20241216T102431_R065_T32UMU_20241216T121152,40.614548,phase9-acquisition/forest_blackforest/dt_20241216.png
forest_blackforest,47.9,8.25,2025-03-15,2025-03-18,S2A_MSIL2A_20250318T101751_R065_T32UMU_20250318T160400,0.459034,phase9-acquisition/forest_blackforest/dt_20250318.png
forest_blackforest,47.9,8.25,2025-09-15,2025-09-12,S2C_MSIL2A_20250912T101641_R065_T32UMU_20250912T155618,40.213108,phase9-acquisition/forest_blackforest/dt_20250912.png
forest_vienna_hills,48.25,16.35,2024-03-15,2024-03-15,S2A_MSIL2A_20240315T100031_R122_T33UXP_20240315T134038,53.126371,phase9-acquisition/forest_vienna_hills/dt_20240315.png
forest_vienna_hills,48.25,16.35,2024-06-15,2024-06-15,S2B_MSIL2A_20240615T094549_R079_T33UWP_20240615T135709,3.249729,phase9-acquisition/forest_vienna_hills/dt_20240615.png
forest_vienna_hills,48.25,16.35,2024-09-15,2024-09-11,S2A_MSIL2A_20240911T100021_R122_T33UWP_20240911T143249,38.691971,phase9-acquisition/forest_vienna_hills/dt_20240911.png
forest_vienna_hills,48.25,16.35,2024-12-15,2024-12-12,S2B_MSIL2A_20241212T095319_R079_T33UWP_20241212T115616,51.335901,phase9-acquisition/forest_vienna_hills/dt_20241212.png
forest_vienna_hills,48.25,16.35,2025-03-15,2025-03-12,S2B_MSIL2A_20250312T095029_R079_T33UXP_20250312T124423,25.289106,phase9-acquisition/forest_vienna_hills/dt_20250312.png
forest_vienna_hills,48.25,16.35,2025-09-15,2025-09-15,S2A_MSIL2A_20250915T095041_R079_T33UXP_20250915T114213,35.315385,phase9-acquisition/forest_vienna_hills/dt_20250915.png
mixed_geneva,46.2044,6.1432,2024-03-15,2024-03-14,S2A_MSIL2A_20240314T102811_R108_T31TGM_20240314T181216,11.589333,phase9-acquisition/mixed_geneva/dt_20240314.png
mixed_geneva,46.2044,6.1432,2024-06-15,2024-06-15,S2A_MSIL2A_20240615T104031_R008_T31TGM_20240615T191636,30.268756,phase9-acquisition/mixed_geneva/dt_20240615.png
mixed_geneva,46.2044,6.1432,2024-09-15,2024-09-20,S2A_MSIL2A_20240920T102721_R108_T31TGM_20240920T145352,7.946229,phase9-acquisition/mixed_geneva/dt_20240920.png
mixed_geneva,46.2044,6.1432,2024-12-15,2024-12-12,S2A_MSIL2A_20241212T104441_R008_T31TGM_20241212T150047,35.939378,phase9-acquisition/mixed_geneva/dt_20241212.png
mixed_geneva,46.2044,6.1432,2025-03-15,2025-03-19,S2C_MSIL2A_20250319T102801_R108_T31TGM_20250319T164713,0.532088,phase9-acquisition/mixed_geneva/dt_20250319.png
mixed_geneva,46.2044,6.1432,2025-09-15,2025-09-15,S2C_MSIL2A_20250915T103041_R108_T31TGM_20250915T174614,27.794024,phase9-acquisition/mixed_geneva/dt_20250915.png
mixed_innsbruck,47.2692,11.4041,2024-03-15,2024-03-11,S2A_MSIL2A_20240311T101831_R065_T32TPT_20240313T122751,37.626991,phase9-acquisition/mixed_innsbruck/dt_20240311.png
mixed_innsbruck,47.2692,11.4041,2024-06-15,2024-06-19,S2A_MSIL2A_20240619T102031_R065_T32TPT_20240619T221521,5.776178,phase9-acquisition/mixed_innsbruck/dt_20240619.png
mixed_innsbruck,47.2692,11.4041,2024-09-15,2024-09-07,S2A_MSIL2A_20240907T102021_R065_T32TPT_20240907T143052,0.01421,phase9-acquisition/mixed_innsbruck/dt_20240907.png
mixed_innsbruck,47.2692,11.4041,2024-12-15,2024-12-13,S2A_MSIL2A_20241213T101431_R022_T32TPT_20241213T120749,13.80811,phase9-acquisition/mixed_innsbruck/dt_20241213.png
mixed_innsbruck,47.2692,11.4041,2025-03-15,2025-03-18,S2A_MSIL2A_20250318T101751_R065_T32TPT_20250318T160400,0.344844,phase9-acquisition/mixed_innsbruck/dt_20250318.png
mixed_innsbruck,47.2692,11.4041,2025-09-15,2025-09-19,S2C_MSIL2A_20250919T101041_R022_T32TPT_20250919T155120,0.002536,phase9-acquisition/mixed_innsbruck/dt_20250919.png
